boundary_condition,beta,epsilon,trunc_multiplier,h1,K,Q,M_DV,m_c,coeff_l1_norm,classical_exact_fidelity,classical_relative_error
dirichlet,0.6,0.1,1.0,0.10167937678732318,4.067175071492927,4,320,9,0.9357133460840276,0.9976657760843204,0.12920965022374234
neumann,0.9,0.1,1.0,0.10774939365999787,2.585985447839949,4,192,8,1.207334467049141,0.9977395973305865,0.14758765154312078
periodic,0.8,0.1,1.0,0.09196986029286058,2.851065669078678,4,248,8,1.0740107101347334,0.999722297477241,0.04384539333556406
