{
  "config_base": {
    "total_time": 1.0,
    "n_steps": 40,
    "alpha": 1.0,
    "h": 1.0,
    "init_qubits": [
      0,
      1
    ],
    "n_dim": 32,
    "max_fock_level": 32,
    "fock_weight_cutoff": 1e-08,
    "state_prep": "classical-injection"
  },
  "params": {
    "r_target": 1.2,
    "r_prime": 0.3,
    "kernel_beta": 0.8,
    "disp_phase": 0.0
  },
  "final": {
    "step": 40.0,
    "time": 1.0,
    "pde_error": 0.2850614818427146,
    "post_prob": 0.11451313706837517,
    "fidelity": 0.9484480137087872,
    "trace_distance": 0.22705062495226216,
    "u_target_real_0": 0.18644808065408047,
    "u_target_imag_0": 0.0,
    "u_quantum_real_0": 0.12319519089027017,
    "u_quantum_imag_0": 0.000407283464051253,
    "u_target_real_1": 0.3014264789106367,
    "u_target_imag_1": 0.0,
    "u_quantum_real_1": 0.20588527342926877,
    "u_quantum_imag_1": 0.00028605951713467777,
    "u_target_real_2": 0.21261018273020268,
    "u_target_imag_2": 0.0,
    "u_quantum_real_2": 0.20499210176533247,
    "u_quantum_imag_2": -0.0008087602726679744,
    "u_target_real_3": 0.08616085700844868,
    "u_target_imag_3": 0.0,
    "u_quantum_real_3": 0.12216652447194715,
    "u_quantum_imag_3": 0.00011359608682423908
  }
}