{
  "method": "xbasis",
  "params": {
    "alpha": 1.0,
    "h_grid": 1.0,
    "T_total": 1.0,
    "n_steps": 50,
    "init": [
      0,
      1
    ],
    "beta": 0.8,
    "N_dim": 300
  },
  "norm_factor": 1.9821529916586658,
  "final_pde_error": 0.0020569478104844633,
  "u_lchs_final": [
    0.18584501003040665,
    0.30122566549643087,
    0.21309610176096208,
    0.08649854646053921
  ],
  "u_exact_final": [
    0.18644808065407875,
    0.30142647891063934,
    0.21261018273020071,
    0.08616085700844976
  ]
}