{
  "kernel": {
    "r_target": 7.9,
    "r_prime": 4.1,
    "beta": 0.5,
    "n_coeff": 48,
    "n_fock": 64,
    "n_quad": 200,
    "coeff_backend": "explicit_overlap"
  },
  "paper_coefficients_common_gauge_re": [
    0.43241420788797186,
    0.0,
    -0.3058257572590726,
    0.0,
    0.26484175061880194,
    0.0,
    -0.24163969791660542,
    0.0,
    0.22578183879490607,
    0.0,
    -0.21384166479556638,
    0.0,
    0.20430768693024842,
    0.0,
    -0.19638973027787396,
    0.0,
    0.18962780326756598,
    0.0,
    -0.18373197709151087,
    0.0,
    0.1785085344898861,
    0.0,
    -0.17382199394177883,
    0.0,
    0.16957398731041642,
    0.0,
    -0.16569095520667695,
    0.0,
    0.1621164425791926,
    0.0,
    -0.15880621315141794,
    0.0,
    0.15572494735497597,
    0.0,
    -0.15284400358606479,
    0.0,
    0.15013982768228434,
    0.0,
    -0.14759281304663163,
    0.0,
    0.14518646249686387,
    0.0,
    -0.1429067596693253,
    0.0,
    0.14074169429824052,
    0.0,
    -0.13868089349849647,
    0.0
  ],
  "paper_coefficients_common_gauge_im": [
    0.0,
    -0.007158469361116703,
    0.0,
    0.008725399071862618,
    0.0,
    -0.009633646582516558,
    0.0,
    0.010179854813199265,
    0.0,
    -0.010481565375337114,
    0.0,
    0.010614700885486746,
    0.0,
    -0.010628099906748272,
    0.0,
    0.01055503156754742,
    0.0,
    -0.010419164933879222,
    0.0,
    0.010237343494452149,
    0.0,
    -0.010021997925165196,
    0.0,
    0.009782306971388781,
    0.0,
    -0.009525184976052167,
    0.0,
    0.009255872596939522,
    0.0,
    -0.008978373064911638,
    0.0,
    0.008695770928683379,
    0.0,
    -0.008410444031863367,
    0.0,
    0.008124239782763049,
    0.0,
    -0.007838587976520744,
    0.0,
    0.007554600109341878,
    0.0,
    -0.007273134095317524,
    0.0,
    0.006994851283792477,
    0.0,
    -0.0067202557397691935,
    0.0,
    0.006449727586447832
  ],
  "code_coefficients_re": [
    0.4324142078879713,
    0.0,
    -0.30582575725907224,
    0.0,
    0.26484175061880155,
    0.0,
    -0.24163969791660575,
    0.0,
    0.22578183879490638,
    0.0,
    -0.21384166479556657,
    0.0,
    0.20430768693024862,
    0.0,
    -0.1963897302778741,
    0.0,
    0.18962780326756615,
    0.0,
    -0.18373197709151104,
    0.0,
    0.17850853448988588,
    0.0,
    -0.1738219939417787,
    0.0,
    0.1695739873104165,
    0.0,
    -0.16569095520667704,
    0.0,
    0.16211644257919275,
    0.0,
    -0.15880621315141816,
    0.0,
    0.15572494735497616,
    0.0,
    -0.15284400358606492,
    0.0,
    0.15013982768228448,
    0.0,
    -0.14759281304663183,
    0.0,
    0.14518646249686404,
    0.0,
    -0.14290675966932553,
    0.0,
    0.14074169429824068,
    0.0,
    -0.1386808934984967,
    0.0
  ],
  "code_coefficients_im": [
    0.0,
    -0.007158469361116697,
    0.0,
    0.008725399071862627,
    0.0,
    -0.009633646582516565,
    0.0,
    0.010179854813199279,
    0.0,
    -0.010481565375337126,
    0.0,
    0.010614700885486758,
    0.0,
    -0.010628099906748284,
    0.0,
    0.010555031567547432,
    0.0,
    -0.010419164933879272,
    0.0,
    0.010237343494452194,
    0.0,
    -0.010021997925165213,
    0.0,
    0.009782306971388833,
    0.0,
    -0.009525184976052224,
    0.0,
    0.00925587259693954,
    0.0,
    -0.008978373064911694,
    0.0,
    0.008695770928683438,
    0.0,
    -0.008410444031863423,
    0.0,
    0.008124239782763106,
    0.0,
    -0.007838587976520803,
    0.0,
    0.007554600109341939,
    0.0,
    -0.00727313409531759,
    0.0,
    0.006994851283792543,
    0.0,
    -0.006720255739769257,
    0.0,
    0.006449727586447896
  ],
  "alpha_paper_re": -1.449035565783904,
  "alpha_paper_im": -0.0,
  "alpha_code_re": -1.4490355657839036,
  "alpha_code_im": -0.0,
  "hbar_convention": "code_hbar1",
  "sidecar": {
    "git_head": "1d19d26bcfba4ad882f1cff79bd4e99ab89444c5",
    "git_dirty": true,
    "command": "/Users/zhen002/miniconda3/bin/python3 revision_eval.py convention --output results_revision/convention.json",
    "parameters": {
      "command": "convention",
      "output": "results_revision/convention.json"
    },
    "utc_timestamp": "2026-07-20T22:56:31.016741+00:00",
    "source_sha256": {
      "revision_eval.py": "103e89d186779300534eaa53b4e12ffb88e6c00fe77e729089265c00b5599fa4",
      "clean_core.py": "46c22eef9f9d7ae2770769277791048567f6bd23ad1c0525e07f60f84dd1adb2",
      "clean_hybrid.py": "3329e1fac52913beb14b23ca0aecdf8d9e0495d21de339dc476917ebb33dc1fb",
      "clean_oracles.py": "9ef02b547d4ddefdf9011f7fbc1927f9bf79cd2cb346644bca2653cd759a69b4"
    },
    "input_artifact_sha256": {},
    "versions": {
      "python": "3.12.4",
      "numpy": "2.3.4",
      "scipy": "1.16.3",
      "qiskit": "2.0.0",
      "bosonic_qiskit": "15.1"
    },
    "coordinate_conversion": "paper hbar=2: x=sqrt(2) q_code, lambda=lambda_code/sqrt(2), gamma=gamma_code/2; L_code=sqrt(2) L",
    "squeeze_convention": "dense S(-r) broad-x; bosonic prepare +r / postselect -r; L_code = sqrt(2) L at coupling boundary only",
    "physical_qumodes": 1,
    "evaluation": "exact_finite_map",
    "state_prep_method": "ideal_injection",
    "n_coeff": 48,
    "n_fock": 64,
    "dv_dim": 2,
    "simulator_qubits_per_qumode": 6,
    "hbar_convention": "code_hbar1"
  }
}
