boundary_condition,beta,epsilon,trunc_multiplier,h1,K,Q,M_DV,m_c,coeff_l1_norm,classical_exact_fidelity,classical_relative_error
dirichlet,0.6,0.1,2.0,0.10167937678732318,8.134350142985854,4,640,10,1.0801358890639834,0.9999650453505294,0.03018731434943359
neumann,0.6,0.1,2.0,0.10774939365999787,8.188953918159838,4,600,10,1.0791685831962725,0.9996981927907983,0.02809697274503446
periodic,0.7,0.1,2.0,0.09196986029286058,6.621829941085962,4,576,10,1.1803623267118564,0.9999977609825769,0.06328246299664156
