{
  "base_config": {
    "alpha": 1.0,
    "h_grid": 1.0,
    "total_time": 1.0,
    "n_fock": 64,
    "n_coeff": 48,
    "r_target": 8.0,
    "r_prime": 4.0,
    "beta": 0.9,
    "n_quad": 300,
    "init_state": "basis01",
    "position_convention": "half",
    "position_scale": 0.8,
    "trajectory_steps": 0
  },
  "sweep_grid": {
    "r_target": [
      0.8,
      3.0,
      20
    ],
    "r_prime": [
      0.3,
      2.0,
      20
    ],
    "beta": [
      0.3,
      0.98,
      20
    ],
    "min_gap": 0.1
  },
  "counts": {
    "total_grid_points": 8000,
    "rows_written": 8000,
    "ok": 6100,
    "error": 0,
    "skipped": 1900
  },
  "best": {
    "r_target": 3.0,
    "r_prime": 2.0,
    "beta": 0.3,
    "status": "ok",
    "map_err_best_scale": 0.6397499202989209,
    "vec_err_best_scale": 0.5949126722804584,
    "fidelity": 0.7385954832442836,
    "post_prob": 0.2566475843055449,
    "eta_err": 0.7460148067158038,
    "map_scale_real": 1.1019103890548076,
    "map_scale_imag": 0.0,
    "vec_scale_real": 1.0312407791105773,
    "vec_scale_imag": 0.0,
    "objective": 0.8778578582677047
  },
  "top_k": [
    {
      "r_target": 3.0,
      "r_prime": 2.0,
      "beta": 0.3,
      "status": "ok",
      "map_err_best_scale": 0.6397499202989209,
      "vec_err_best_scale": 0.5949126722804584,
      "fidelity": 0.7385954832442836,
      "post_prob": 0.2566475843055449,
      "eta_err": 0.7460148067158038,
      "map_scale_real": 1.1019103890548076,
      "map_scale_imag": 0.0,
      "vec_scale_real": 1.0312407791105773,
      "vec_scale_imag": 0.0,
      "objective": 0.8778578582677047
    },
    {
      "r_target": 3.0,
      "r_prime": 2.0,
      "beta": 0.3357894736842105,
      "status": "ok",
      "map_err_best_scale": 0.6561176473551995,
      "vec_err_best_scale": 0.6108515357656851,
      "fidelity": 0.7282580743518663,
      "post_prob": 0.2558520102173935,
      "eta_err": 0.7365947950098429,
      "map_scale_real": 1.0976771374239154,
      "map_scale_imag": 0.0,
      "vec_scale_real": 1.0224103450649178,
      "vec_scale_imag": 0.0,
      "objective": 0.9024974557256915
    },
    {
      "r_target": 3.0,
      "r_prime": 1.9105263157894739,
      "beta": 0.3,
      "status": "ok",
      "map_err_best_scale": 0.6600099365259648,
      "vec_err_best_scale": 0.6150854701248276,
      "fidelity": 0.7255155889011083,
      "post_prob": 0.29020829299650064,
      "eta_err": 0.800636138562597,
      "map_scale_real": 1.1665946205673943,
      "map_scale_imag": 0.0,
      "vec_scale_real": 1.0868420869255442,
      "vec_scale_imag": 0.0,
      "objective": 0.9088146589427546
    },
    {
      "r_target": 3.0,
      "r_prime": 2.0,
      "beta": 0.371578947368421,
      "status": "ok",
      "map_err_best_scale": 0.6727883605056486,
      "vec_err_best_scale": 0.6271047725093282,
      "fidelity": 0.7177409212832232,
      "post_prob": 0.2535584693267885,
      "eta_err": 0.7275148074270443,
      "map_scale_real": 1.090053808446833,
      "map_scale_imag": 0.0,
      "vec_scale_real": 1.0104412763298283,
      "vec_scale_imag": 0.0,
      "objective": 0.9276119066979913
    },
    {
      "r_target": 3.0,
      "r_prime": 1.9105263157894739,
      "beta": 0.3357894736842105,
      "status": "ok",
      "map_err_best_scale": 0.6749898835920405,
      "vec_err_best_scale": 0.6298117527914215,
      "fidelity": 0.7159924131502067,
      "post_prob": 0.2895950025165944,
      "eta_err": 0.7904535930525346,
      "map_scale_real": 1.1627781617518522,
      "map_scale_imag": 0.0,
      "vec_scale_real": 1.0785440962186974,
      "vec_scale_imag": 0.0,
      "objective": 0.9315070739299315
    },
    {
      "r_target": 3.0,
      "r_prime": 1.8210526315789475,
      "beta": 0.3,
      "status": "ok",
      "map_err_best_scale": 0.6778323292358097,
      "vec_err_best_scale": 0.6326352850385375,
      "fidelity": 0.7141697107427174,
      "post_prob": 0.3160809624928583,
      "eta_err": 0.8399688820617156,
      "map_scale_real": 1.212410421818938,
      "map_scale_imag": 0.0,
      "vec_scale_real": 1.1253511193263603,
      "vec_scale_imag": 0.0,
      "objective": 0.9358429641193065
    },
    {
      "r_target": 3.0,
      "r_prime": 2.0,
      "beta": 0.40736842105263155,
      "status": "ok",
      "map_err_best_scale": 0.6898146912503675,
      "vec_err_best_scale": 0.643732501211383,
      "fidelity": 0.7070178070120582,
      "post_prob": 0.24964735834106389,
      "eta_err": 0.718709797092088,
      "map_scale_real": 1.078760299400179,
      "map_scale_imag": 0.0,
      "vec_scale_real": 0.9951002324154029,
      "vec_scale_imag": 0.0,
      "objective": 0.9532889564859639
    },
    {
      "r_target": 3.0,
      "r_prime": 1.9105263157894739,
      "beta": 0.371578947368421,
      "status": "ok",
      "map_err_best_scale": 0.6902654285538653,
      "vec_err_best_scale": 0.6448546328561781,
      "fidelity": 0.7062957449243893,
      "post_prob": 0.28747026473073545,
      "eta_err": 0.7803542731465494,
      "map_scale_real": 1.1557799495007275,
      "map_scale_imag": 0.0,
      "vec_scale_real": 1.0672788999985248,
      "vec_scale_imag": 0.0,
      "objective": 0.9546725598868911
    },
    {
      "r_target": 2.8842105263157896,
      "r_prime": 2.0,
      "beta": 0.3,
      "status": "ok",
      "map_err_best_scale": 0.6908890947834321,
      "vec_err_best_scale": 0.6448789763495322,
      "fidelity": 0.7062800829515234,
      "post_prob": 0.2600440267702564,
      "eta_err": 0.8115475300787504,
      "map_scale_real": 1.1014299676756587,
      "map_scale_imag": 0.0,
      "vec_scale_real": 1.015079565397328,
      "vec_scale_imag": 0.0,
      "objective": 0.9550095195936721
    },
    {
      "r_target": 3.0,
      "r_prime": 1.8210526315789475,
      "beta": 0.3357894736842105,
      "status": "ok",
      "map_err_best_scale": 0.6915526606435309,
      "vec_err_best_scale": 0.6461825316114235,
      "fidelity": 0.7054415611048901,
      "post_prob": 0.31585141309173304,
      "eta_err": 0.830253954056973,
      "map_scale_real": 1.2094579016511098,
      "map_scale_imag": 0.0,
      "vec_scale_real": 1.1180470950744,
      "vec_scale_imag": 0.0,
      "objective": 0.9566867838779445
    },
    {
      "r_target": 3.0,
      "r_prime": 1.731578947368421,
      "beta": 0.3,
      "status": "ok",
      "map_err_best_scale": 0.691107271313259,
      "vec_err_best_scale": 0.646773673948176,
      "fidelity": 0.7050614033426713,
      "post_prob": 0.3456083174645447,
      "eta_err": 0.8871944406463133,
      "map_scale_real": 1.2631642869990212,
      "map_scale_imag": 0.0,
      "vec_scale_real": 1.1692132479783055,
      "vec_scale_imag": 0.0,
      "objective": 0.957074239437672
    },
    {
      "r_target": 3.0,
      "r_prime": 1.731578947368421,
      "beta": 0.3357894736842105,
      "status": "ok",
      "map_err_best_scale": 0.7038084764721255,
      "vec_err_best_scale": 0.6593613018569262,
      "fidelity": 0.6969819784914931,
      "post_prob": 0.3458725545985973,
      "eta_err": 0.8781589853664363,
      "map_scale_real": 1.26107259167316,
      "map_scale_imag": 0.0,
      "vec_scale_real": 1.162939145337709,
      "vec_scale_imag": 0.0,
      "objective": 0.9764164411684142
    },
    {
      "r_target": 3.0,
      "r_prime": 1.8210526315789475,
      "beta": 0.371578947368421,
      "status": "ok",
      "map_err_best_scale": 0.7055420064997475,
      "vec_err_best_scale": 0.6600222250590148,
      "fidelity": 0.6965586268189163,
      "post_prob": 0.3141474207412473,
      "eta_err": 0.8203906161240854,
      "map_scale_real": 1.2035633838670325,
      "map_scale_imag": 0.0,
      "vec_scale_real": 1.1079846685363839,
      "vec_scale_imag": 0.0,
      "objective": 0.9779652969679427
    },
    {
      "r_target": 3.0,
      "r_prime": 1.9105263157894739,
      "beta": 0.40736842105263155,
      "status": "ok",
      "map_err_best_scale": 0.7058964174744988,
      "vec_err_best_scale": 0.6602810294302561,