{
  "config": {
    "total_time": 1.0,
    "n_steps": 100,
    "alpha": 1.0,
    "h": 1.0,
    "init_qubits": [
      0,
      1
    ],
    "n_dim": 32,
    "max_fock_level": 32,
    "hbar": 2.0,
    "fock_weight_cutoff": 1e-08
  },
  "params": {
    "r_target": 1.2,
    "r_prime": 0.3,
    "kernel_beta": 0.8,
    "disp_phase": 0.0
  },
  "metrics": {
    "post_prob": 0.11595946906764672,
    "pde_error": 0.28357839062954493,
    "fidelity": 0.9473971078446852,
    "infidelity": 0.05260289215531477,
    "trace_distance": 0.22935320393514197,
    "hs_distance": 0.3243544115788,
    "pauli_rmse": 0.16217720578940004,
    "pauli_max_abs": 0.4198617792968133,
    "gamma": 0.4580936828046139,
    "n_eff": 1.298583667352261,
    "tail_mass_est": 9.47390700600792e-06,
    "trotter_bound_est": 0.005,
    "rho_trace_before": 0.9999999999999998,
    "rho_trace_after": 1.0,
    "rho_min_eig_before": -7.312966097290258e-17,
    "rho_purity": 0.9999999999999999,
    "weights_l1": 1.0,
    "weights_l2_sq": 0.770069749944525,
    "active_levels": 32.0,
    "state_prep_method": "classical_injection"
  }
}