boundary_condition,beta,epsilon,trunc_multiplier,h1,K,Q,M_DV,m_c,coeff_l1_norm,classical_exact_fidelity,classical_relative_error
dirichlet,0.7,0.1,2.0,0.10167937678732318,6.7108388679633295,4,528,10,1.1830556354233444,0.99982259723151,0.04363862682503185
dirichlet,0.8,0.1,2.0,0.10167937678732318,5.694045100090098,4,448,9,1.3381548890751829,0.9997517645163523,0.06873798981157325
dirichlet,0.9,0.1,2.0,0.10167937678732318,5.083968839366159,4,400,9,1.5765910262376828,0.9986656338298707,0.11640046644580411
neumann,0.7,0.1,2.0,0.10774939365999787,6.680462406919868,4,496,9,1.1821448186716903,0.9991900656066758,0.061457035649782096
neumann,0.8,0.1,2.0,0.10774939365999787,5.8184672576398855,4,432,9,1.3445984203446217,0.9986512191854093,0.08101384798943531
neumann,0.9,0.1,2.0,0.10774939365999787,5.171970895679898,4,384,9,1.584828135378614,0.9980584419523866,0.07612732693914152
periodic,0.7,0.1,2.0,0.09196986029286058,6.621829941085962,4,576,10,1.1803623267118564,0.9999977609825769,0.06328246299664156
periodic,0.8,0.1,2.0,0.09196986029286058,5.702131338157356,4,496,9,1.3385816038379674,0.9999420509855137,0.0871866418474059
periodic,0.9,0.1,2.0,0.09196986029286058,5.150312176400193,4,448,9,1.5828204726427997,0.9996006718797733,0.0757129672416199
