{
  "method": "xbasis",
  "params": {
    "alpha": 1.0,
    "h_grid": 1.0,
    "T_total": 1.0,
    "n_steps": 50,
    "init": [
      0,
      1
    ],
    "beta": 0.8,
    "N_dim": 200
  },
  "norm_factor": 1.9573902816308066,
  "final_pde_error": 0.004735567868403196,
  "u_lchs_final": [
    0.1866953767272864,
    0.3002674130271175,
    0.211197267794154,
    0.08538859276948231
  ],
  "u_exact_final": [
    0.18644808065407875,
    0.30142647891063934,
    0.21261018273020071,
    0.08616085700844976
  ]
}