{
  "base_config": {
    "alpha": 1.0,
    "h_grid": 1.0,
    "total_time": 1.0,
    "n_fock": 64,
    "n_coeff": 48,
    "r_target": 8.0,
    "r_prime": 4.0,
    "beta": 0.9,
    "n_quad": 300,
    "init_state": "basis01",
    "position_convention": "half",
    "position_scale": 0.8,
    "trajectory_steps": 0
  },
  "sweep_grid": {
    "r_target": [
      1.0,
      10.0,
      50
    ],
    "r_prime": [
      0.1,
      6.0,
      50
    ],
    "beta": [
      0.5,
      0.95,
      20
    ],
    "min_gap": 0.1
  },
  "counts": {
    "total_grid_points": 50000,
    "rows_written": 50000,
    "ok": 37540,
    "error": 0,
    "skipped": 12460
  },
  "best": {
    "r_target": 8.16326530612245,
    "r_prime": 4.193877551020408,
    "beta": 0.5473684210526316,
    "status": "ok",
    "map_err_best_scale": 0.043094428386109246,
    "vec_err_best_scale": 0.029527026801631044,
    "fidelity": 0.9991289141403787,
    "post_prob": 0.07061910486688386,
    "eta_err": 0.4584493279446138,
    "map_scale_real": 0.6346642932803469,
    "map_scale_imag": 0.0,
    "vec_scale_real": 0.6291584473776635,
    "vec_scale_imag": 0.0,
    "objective": 0.0011177952876667285
  },
  "top_k": [
    {
      "r_target": 8.16326530612245,
      "r_prime": 4.193877551020408,
      "beta": 0.5473684210526316,
      "status": "ok",
      "map_err_best_scale": 0.043094428386109246,
      "vec_err_best_scale": 0.029527026801631044,
      "fidelity": 0.9991289141403787,
      "post_prob": 0.07061910486688386,
      "eta_err": 0.4584493279446138,
      "map_scale_real": 0.6346642932803469,
      "map_scale_imag": 0.0,
      "vec_scale_real": 0.6291584473776635,
      "vec_scale_imag": 0.0,
      "objective": 0.0011177952876667285
    },
    {
      "r_target": 8.16326530612245,
      "r_prime": 4.193877551020408,
      "beta": 0.5710526315789474,
      "status": "ok",
      "map_err_best_scale": 0.03675552015057804,
      "vec_err_best_scale": 0.03440751526796389,
      "fidelity": 0.998817522800771,
      "post_prob": 0.06605892485944989,
      "eta_err": 0.454672130963816,
      "map_scale_real": 0.6113301376112468,
      "map_scale_imag": 0.0,
      "vec_scale_real": 0.6084109070587328,
      "vec_scale_imag": 0.0,
      "objective": 0.0028443992032143525
    },
    {
      "r_target": 8.16326530612245,
      "r_prime": 4.073469387755102,
      "beta": 0.8789473684210526,
      "status": "ok",
      "map_err_best_scale": 0.04056713278691295,
      "vec_err_best_scale": 0.03536779142058392,
      "fidelity": 0.9987506820776699,
      "post_prob": 0.06011819956727339,
      "eta_err": 0.40426522541218635,
      "map_scale_real": -0.58424819541326,
      "map_scale_imag": 0.0,
      "vec_scale_real": -0.5803896932701249,
      "vec_scale_imag": 0.0,
      "objective": 0.0057138237101568914
    },
    {
      "r_target": 7.979591836734694,
      "r_prime": 4.193877551020408,
      "beta": 0.5947368421052631,
      "status": "ok",
      "map_err_best_scale": 0.05310527051328608,
      "vec_err_best_scale": 0.03528040569035112,
      "fidelity": 0.9987568403438825,
      "post_prob": 0.06433001122634432,
      "eta_err": 0.3778205120426213,
      "map_scale_real": 0.6056411077241161,
      "map_scale_imag": 0.0,
      "vec_scale_real": 0.6003781263249504,
      "vec_scale_imag": 0.0,
      "objective": 0.011895198929800031
    },
    {
      "r_target": 8.16326530612245,
      "r_prime": 4.193877551020408,
      "beta": 0.5236842105263158,
      "status": "ok",
      "map_err_best_scale": 0.054244431465506976,
      "vec_err_best_scale": 0.03679818094858542,
      "fidelity": 0.9986477250027266,
      "post_prob": 0.07351693287441656,
      "eta_err": 0.45929801550379745,
      "map_scale_real": 0.6487458446123103,
      "map_scale_imag": 0.0,
      "vec_scale_real": 0.6417827098308857,
      "vec_scale_imag": 0.0,
      "objective": 0.013988010431202576
    },
    {
      "r_target": 4.3061224489795915,
      "r_prime": 3.83265306122449,
      "beta": 0.9263157894736842,
      "status": "ok",
      "map_err_best_scale": 0.054770732068983065,
      "vec_err_best_scale": 0.03750704840733818,
      "fidelity": 0.9985951975658839,
      "post_prob": 0.10025251615631858,
      "eta_err": 0.2916144090218634,
      "map_scale_real": -0.7482860937600535,
      "map_scale_imag": 0.0,
      "vec_scale_real": -0.7494290808352104,
      "vec_scale_imag": 0.0,
      "objective": 0.014962654563535509
    },
    {
      "r_target": 7.244897959183674,
      "r_prime": 3.712244897959184,
      "beta": 0.5236842105263158,
      "status": "ok",
      "map_err_best_scale": 0.04774955213017985,
      "vec_err_best_scale": 0.04335247298299875,
      "fidelity": 0.9981240887431214,
      "post_prob": 0.08150985794463494,
      "eta_err": 0.2244802599751677,
      "map_scale_real": 0.6780778549257614,
      "map_scale_imag": 0.0,
      "vec_scale_real": 0.675593559556547,
      "vec_scale_imag": 0.0,
      "objective": 0.017321044610932604
    },
    {
      "r_target": 7.244897959183674,
      "r_prime": 3.712244897959184,
      "beta": 0.5,
      "status": "ok",
      "map_err_best_scale": 0.057605826396469786,
      "vec_err_best_scale": 0.03927388094172414,
      "fidelity": 0.9984599377259248,
      "post_prob": 0.08087564893721776,
      "eta_err": 0.2213884715859477,
      "map_scale_real": 0.677919375081079,
      "map_scale_imag": 0.0,
      "vec_scale_real": 0.6730733191551547,
      "vec_scale_imag": 0.0,
      "objective": 0.0181537972536628
    },
    {
      "r_target": 7.979591836734694,
      "r_prime": 3.953061224489796,
      "beta": 0.9026315789473685,
      "status": "ok",
      "map_err_best_scale": 0.04621733636814634,
      "vec_err_best_scale": 0.04644142396493732,
      "fidelity": 0.9978478359401645,
      "post_prob": 0.053364933084001843,
      "eta_err": 0.3595600906270983,
      "map_scale_real": -0.5460478722825076,
      "map_scale_imag": 0.0,
      "vec_scale_real": -0.5465731690910582,
      "vec_scale_imag": 0.0,
      "objective": 0.019657700352002268
    },
    {
      "r_target": 8.16326530612245,
      "r_prime": 4.193877551020408,
      "beta": 0.5,
      "status": "ok",
      "map_err_best_scale": 0.06014798512700519,
      "vec_err_best_scale": 0.041916791430081944,
      "fidelity": 0.998246064291772,
      "post_prob": 0.07511112942495102,
      "eta_err": 0.4572204008485346,
      "map_scale_real": 0.6562024919512774,
      "map_scale_imag": 0.0,
      "vec_scale_real": 0.6485733712136854,
      "vec_scale_imag": 0.0,
      "objective": 0.022078480778995935
    },
    {
      "r_target": 4.4897959183673475,
      "r_prime": 3.83265306122449,
      "beta": 0.9263157894736842,
      "status": "ok",
      "map_err_best_scale": 0.06692915149842592,
      "vec_err_best_scale": 0.04506887506276039,
      "fidelity": 0.997972913924907,
      "post_prob": 0.12550036782605528,
      "eta_err": 0.3405048582704521,
      "map_scale_real": -0.8489710131136786,
      "map_scale_imag": 0.0,
      "vec_scale_real": -0.8382432030637268,
      "vec_scale_imag": 0.0,
      "objective": 0.028634805115728003
    },
    {
      "r_target": 7.979591836734694,
      "r_prime": 4.193877551020408,
      "beta": 0.95,
      "status": "ok",
      "map_err_best_scale": 0.0655340226848274,
      "vec_err_best_scale": 0.04652906547970174,
      "fidelity": 0.99783972296585,
      "post_prob": 0.06943889679435433,
      "eta_err": 0.38580179883373344,
      "map_scale_real": -0.6301070160039549,
      "map_scale_imag": 0.0,
      "vec_scale_real": -0.6234763219807093,
      "vec_scale_imag": 0.0,
      "objective": 0.029404090673822936
    },
    {
      "r_target": 8.346938775510203,
      "r_prime": 4.314285714285714,
      "beta": 0.5710526315789474,
      "status": "ok",
      "map_err_best_scale": 0.07037153952663709,
      "vec_err_best_scale": 0.04682684295119236,
      "fidelity": 0.9978120444258566,
      "post_prob": 0.06537029121204654,
      "eta_err": 0.5627601968672453,