{
  "base_config": {
    "alpha": 1.0,
    "h_grid": 1.0,
    "total_time": 1.0,
    "n_fock": 64,
    "n_coeff": 48,
    "r_target": 8.0,
    "r_prime": 4.0,
    "beta": 0.9,
    "n_quad": 300,
    "init_state": "basis01",
    "position_convention": "half",
    "position_scale": 0.8,
    "trajectory_steps": 0
  },
  "sweep_grid": {
    "r_target": [
      7.6,
      8.4,
      17
    ],
    "r_prime": [
      3.6,
      4.4,
      17
    ],
    "beta": [
      0.82,
      0.98,
      17
    ],
    "min_gap": 0.2
  },
  "counts": {
    "total_grid_points": 4913,
    "rows_written": 4913,
    "ok": 4913,
    "error": 0,
    "skipped": 0
  },
  "best": {
    "r_target": 8.1,
    "r_prime": 4.0,
    "beta": 0.8899999999999999,
    "status": "ok",
    "map_err_best_scale": 0.014600029712763193,
    "vec_err_best_scale": 0.013888819989784092,
    "fidelity": 0.9998071378822629,
    "post_prob": 0.05329864975041647,
    "eta_err": 0.37809662737961025,
    "map_scale_real": -0.5474711949499597,
    "map_scale_imag": 0.0,
    "vec_scale_real": -0.546769630210645,
    "vec_scale_imag": 0.0,
    "objective": -0.02880152204794746
  },
  "top_k": [
    {
      "r_target": 8.1,
      "r_prime": 4.0,
      "beta": 0.8899999999999999,
      "status": "ok",
      "map_err_best_scale": 0.014600029712763193,
      "vec_err_best_scale": 0.013888819989784092,
      "fidelity": 0.9998071378822629,
      "post_prob": 0.05329864975041647,
      "eta_err": 0.37809662737961025,
      "map_scale_real": -0.5474711949499597,
      "map_scale_imag": 0.0,
      "vec_scale_real": -0.546769630210645,
      "vec_scale_imag": 0.0,
      "objective": -0.02880152204794746
    },
    {
      "r_target": 8.05,
      "r_prime": 3.95,
      "beta": 0.8999999999999999,
      "status": "ok",
      "map_err_best_scale": 0.018490293738784885,
      "vec_err_best_scale": 0.01638358198475511,
      "fidelity": 0.9997316502722552,
      "post_prob": 0.04933138243321673,
      "eta_err": 0.36878154423722137,
      "map_scale_real": -0.5257483782406779,
      "map_scale_imag": 0.0,
      "vec_scale_real": -0.5260070051643039,
      "vec_scale_imag": 0.0,
      "objective": -0.024357853659465214
    },
    {
      "r_target": 8.0,
      "r_prime": 4.0,
      "beta": 0.8999999999999999,
      "status": "ok",
      "map_err_best_scale": 0.02572234345586222,
      "vec_err_best_scale": 0.01698738788332772,
      "fidelity": 0.9997115119023003,
      "post_prob": 0.058701431808479934,
      "eta_err": 0.34499024708223974,
      "map_scale_real": -0.5711594576408529,
      "map_scale_imag": 0.0,
      "vec_scale_real": -0.5737858816219287,
      "vec_scale_imag": 0.0,
      "objective": -0.020137015983856185
    },
    {
      "r_target": 8.05,
      "r_prime": 4.050000000000001,
      "beta": 0.8899999999999999,
      "status": "ok",
      "map_err_best_scale": 0.027926518912865315,
      "vec_err_best_scale": 0.01823348809601162,
      "fidelity": 0.9996676504048286,
      "post_prob": 0.06299821024355262,
      "eta_err": 0.36905156759833496,
      "map_scale_real": -0.5953263621339433,
      "map_scale_imag": 0.0,
      "vec_scale_real": -0.5944017633244454,
      "vec_scale_imag": 0.0,
      "objective": -0.01778663496779715
    },
    {
      "r_target": 8.05,
      "r_prime": 4.2,
      "beta": 0.95,
      "status": "ok",
      "map_err_best_scale": 0.025872598470250488,
      "vec_err_best_scale": 0.022506454519741488,
      "fidelity": 0.9994937159583202,
      "post_prob": 0.0650668764882955,
      "eta_err": 0.3982536145325015,
      "map_scale_real": -0.6065078342466036,
      "map_scale_imag": 0.0,
      "vec_scale_real": -0.6040295391941078,
      "vec_scale_imag": 0.0,
      "objective": -0.014531932043049277
    },
    {
      "r_target": 8.05,
      "r_prime": 3.85,
      "beta": 0.9199999999999999,
      "status": "ok",
      "map_err_best_scale": 0.030216852970474186,
      "vec_err_best_scale": 0.021959211945924366,
      "fidelity": 0.9995180254222241,
      "post_prob": 0.03837971576657265,
      "eta_err": 0.4066578759117319,
      "map_scale_real": -0.46443523993966596,
      "map_scale_imag": 0.0,
      "vec_scale_real": -0.463910664744006,
      "vec_scale_imag": 0.0,
      "objective": -0.012908262839949745
    },
    {
      "r_target": 8.05,
      "r_prime": 3.9000000000000004,
      "beta": 0.9099999999999999,
      "status": "ok",
      "map_err_best_scale": 0.03259955708914343,
      "vec_err_best_scale": 0.02235242419743708,
      "fidelity": 0.9995006186388404,
      "post_prob": 0.0435121826030573,
      "eta_err": 0.37714947210924016,
      "map_scale_real": -0.493073672824303,
      "map_scale_imag": 0.0,
      "vec_scale_real": -0.49395243647696513,
      "vec_scale_imag": 0.0,
      "objective": -0.011322828189933229
    },
    {
      "r_target": 8.15,
      "r_prime": 4.2,
      "beta": 0.94,
      "status": "ok",
      "map_err_best_scale": 0.03371318061930954,
      "vec_err_best_scale": 0.023252899712219575,
      "fidelity": 0.9994595948506029,
      "post_prob": 0.0680171353430487,
      "eta_err": 0.4558937362650883,
      "map_scale_real": -0.6220821207885012,
      "map_scale_imag": 0.0,
      "vec_scale_real": -0.6175611303225852,
      "vec_scale_imag": 0.0,
      "objective": -0.009863489720655802
    },
    {
      "r_target": 8.15,
      "r_prime": 4.050000000000001,
      "beta": 0.88,
      "status": "ok",
      "map_err_best_scale": 0.03436603639659988,
      "vec_err_best_scale": 0.027283978232167643,
      "fidelity": 0.9992561382740015,
      "post_prob": 0.05741760493100551,
      "eta_err": 0.3988151668677827,
      "map_scale_real": -0.571084926175498,
      "map_scale_imag": 0.0,
      "vec_scale_real": -0.5673474574311553,
      "vec_scale_imag": 0.0,
      "objective": -0.0054958104832324925
    },
    {
      "r_target": 8.0,
      "r_prime": 4.2,
      "beta": 0.95,
      "status": "ok",
      "map_err_best_scale": 0.03924259750784104,
      "vec_err_best_scale": 0.02630305907879464,
      "fidelity": 0.9993086274098582,
      "post_prob": 0.06664797727520728,
      "eta_err": 0.38180208651401226,
      "map_scale_real": -0.6158133688911003,
      "map_scale_imag": 0.0,
      "vec_scale_real": -0.6112677301841001,
      "vec_scale_imag": 0.0,
      "objective": -0.004041073537777752
    },
    {
      "r_target": 8.05,
      "r_prime": 4.0,
      "beta": 0.8899999999999999,
      "status": "ok",
      "map_err_best_scale": 0.034752987817992756,
      "vec_err_best_scale": 0.02982245023832933,
      "fidelity": 0.9991114117530987,
      "post_prob": 0.05589958358224548,
      "eta_err": 0.377908230490587,
      "map_scale_real": -0.5616409808263431,
      "map_scale_imag": 0.0,
      "vec_scale_real": -0.5597568413535268,
      "vec_scale_imag": 0.0,
      "objective": -0.0027566264403292295
    },
    {
      "r_target": 7.95,
      "r_prime": 3.75,
      "beta": 0.95,
      "status": "ok",
      "map_err_best_scale": 0.032728518542401365,
      "vec_err_best_scale": 0.031706950273308575,
      "fidelity": 0.9989956789791168,
      "post_prob": 0.030853304288397818,
      "eta_err": 0.42652296890365676,
      "map_scale_real": -0.4149126530910761,
      "map_scale_imag": 0.0,
      "vec_scale_real": -0.4158347797762561,
      "vec_scale_imag": 0.0,
      "objective": -0.0018785744044465813
    },
    {
      "r_target": 8.0,
      "r_prime": 4.050000000000001,
      "beta": 0.8999999999999999,
      "status": "ok",
      "map_err_best_scale": 0.042222840903654406,
      "vec_err_best_scale": 0.027959050368832297,
      "fidelity": 0.9992189020933443,
      "post_prob": 0.06629396717686298,
      "eta_err": 0.3533449080316261,
      "map_scale_real": -0.6091978735242811,
      "map_scale_imag": 0.0,
      "vec_scale_real": -0.609614781753641,
      "vec_scale_imag": 0.0,
      "objective": -0.0008904742840077154
    },
    {
      "r_target": 8.1,
      "r_prime": 4.1000000000000005,
      "beta": 0.8899999999999999,