{
  "config": {
    "total_time": 1.0,
    "n_steps": 10,
    "alpha": 1.0,
    "h": 1.0,
    "init_qubits": [
      0,
      1
    ],
    "n_dim": 32,
    "max_fock_level": 32,
    "hbar": 2.0,
    "fock_weight_cutoff": 1e-08
  },
  "params": {
    "r_target": 0.85,
    "r_prime": 0.03,
    "kernel_beta": 0.35,
    "disp_phase": 0.0
  },
  "metrics": {
    "post_prob": 0.1821708814919432,
    "pde_error": 0.1067304084842168,
    "fidelity": 0.9587910776363042,
    "infidelity": 0.04120892236369578,
    "trace_distance": 0.11306875696607935,
    "hs_distance": 0.15152557462297628,
    "pauli_rmse": 0.07576278731148801,
    "pauli_max_abs": 0.18160857561733532,
    "gamma": 0.759081009531514,
    "n_eff": 1.4080413094392608,
    "tail_mass_est": 1.28529064247207e-06,
    "trotter_bound_est": 0.05,
    "rho_trace_before": 1.0,
    "rho_trace_after": 0.9999999999999998,
    "rho_min_eig_before": 0.00015142381088965377,
    "rho_purity": 0.9405421550374312,
    "weights_l1": 1.0,
    "weights_l2_sq": 0.710206435916458,
    "active_levels": 32.0
  }
}