{
  "config": {
    "total_time": 1.0,
    "n_steps": 200,
    "alpha": 1.0,
    "h": 1.0,
    "init_qubits": [
      0,
      1
    ],
    "n_dim": 32,
    "max_fock_level": 32,
    "hbar": 2.0,
    "fock_weight_cutoff": 1e-08
  },
  "params": {
    "r_target": 0.85,
    "r_prime": 0.03,
    "kernel_beta": 0.35,
    "disp_phase": 0.0
  },
  "metrics": {
    "post_prob": 0.18521018663468017,
    "pde_error": 0.12292310553481828,
    "fidelity": 0.9568407018199915,
    "infidelity": 0.04315929818000852,
    "trace_distance": 0.12519504991520602,
    "hs_distance": 0.17047184345719613,
    "pauli_rmse": 0.08523592172859806,
    "pauli_max_abs": 0.19776493587354183,
    "gamma": 0.759081009531514,
    "n_eff": 1.4080413094392608,
    "tail_mass_est": 1.28529064247207e-06,
    "trotter_bound_est": 0.0025,
    "rho_trace_before": 0.9999999999999999,
    "rho_trace_after": 1.0000000000000007,
    "rho_min_eig_before": 0.0001494872663106629,
    "rho_purity": 0.942742053051677,
    "weights_l1": 1.0,
    "weights_l2_sq": 0.710206435916458,
    "active_levels": 32.0
  }
}