{
  "config": {
    "total_time": 1.0,
    "n_steps": 25,
    "alpha": 1.0,
    "h": 1.0,
    "init_qubits": [
      0,
      1
    ],
    "n_dim": 32,
    "max_fock_level": 32,
    "hbar": 2.0,
    "fock_weight_cutoff": 1e-08
  },
  "params": {
    "r_target": 0.85,
    "r_prime": 0.03,
    "kernel_beta": 0.35,
    "disp_phase": 0.0
  },
  "metrics": {
    "post_prob": 0.18424651110287074,
    "pde_error": 0.1167933029470094,
    "fidelity": 0.9576955463471359,
    "infidelity": 0.04230445365286406,
    "trace_distance": 0.12046169521514577,
    "hs_distance": 0.16318508232358417,
    "pauli_rmse": 0.0815925411617921,
    "pauli_max_abs": 0.1918207694235463,
    "gamma": 0.759081009531514,
    "n_eff": 1.4080413094392608,
    "tail_mass_est": 1.28529064247207e-06,
    "trotter_bound_est": 0.02,
    "rho_trace_before": 0.9999999999999999,
    "rho_trace_after": 1.0000000000000004,
    "rho_min_eig_before": 0.00014846582331509996,
    "rho_purity": 0.9420204637872263,
    "weights_l1": 1.0,
    "weights_l2_sq": 0.710206435916458,
    "active_levels": 32.0
  }
}