{
  "config": {
    "total_time": 1.0,
    "n_steps": 50,
    "alpha": 1.0,
    "h": 1.0,
    "init_qubits": [
      0,
      1
    ],
    "n_dim": 32,
    "max_fock_level": 32,
    "hbar": 2.0,
    "fock_weight_cutoff": 1e-08
  },
  "params": {
    "r_target": 0.85,
    "r_prime": 0.03,
    "kernel_beta": 0.35,
    "disp_phase": 0.0
  },
  "metrics": {
    "post_prob": 0.18481931970465923,
    "pde_error": 0.12028002364337671,
    "fidelity": 0.9572262276671839,
    "infidelity": 0.042773772332816096,
    "trace_distance": 0.12313306523872594,
    "hs_distance": 0.16731105848499037,
    "pauli_rmse": 0.0836555292424953,
    "pauli_max_abs": 0.19521842639540968,
    "gamma": 0.759081009531514,
    "n_eff": 1.4080413094392608,
    "tail_mass_est": 1.28529064247207e-06,
    "trotter_bound_est": 0.01,
    "rho_trace_before": 1.0,
    "rho_trace_after": 1.0,
    "rho_min_eig_before": 0.00014879352330215124,
    "rho_purity": 0.9424454456257352,
    "weights_l1": 1.0,
    "weights_l2_sq": 0.710206435916458,
    "active_levels": 32.0
  }
}