{
  "base_config": {
    "alpha": 1.0,
    "h_grid": 1.0,
    "total_time": 1.0,
    "n_fock": 64,
    "n_coeff": 48,
    "r_target": 8.0,
    "r_prime": 4.0,
    "beta": 0.9,
    "n_quad": 300,
    "init_state": "basis01",
    "position_convention": "half",
    "position_scale": 0.8,
    "trajectory_steps": 0
  },
  "sweep_grid": {
    "r_target": [
      6.0,
      10.0,
      2
    ],
    "r_prime": [
      2.0,
      6.0,
      2
    ],
    "beta": [
      0.7,
      0.95,
      3
    ],
    "min_gap": 0.2
  },
  "counts": {
    "total_grid_points": 12,
    "rows_written": 12,
    "ok": 9,
    "error": 0,
    "skipped": 3
  },
  "best": {
    "r_target": 6.0,
    "r_prime": 2.0,
    "beta": 0.7,
    "status": "ok",
    "map_err_best_scale": 0.19186347108891577,
    "vec_err_best_scale": 0.16532639236069238,
    "fidelity": 0.9733943902258172,
    "post_prob": 0.012985444150694553,
    "eta_err": 0.3526788548439854,
    "map_scale_real": 0.25880449333250233,
    "map_scale_imag": 0.0,
    "vec_scale_real": 0.2662937588967338,
    "vec_scale_imag": 0.0,
    "objective": 0.21258840839385937
  },
  "top_k": [
    {
      "r_target": 6.0,
      "r_prime": 2.0,
      "beta": 0.7,
      "status": "ok",
      "map_err_best_scale": 0.19186347108891577,
      "vec_err_best_scale": 0.16532639236069238,
      "fidelity": 0.9733943902258172,
      "post_prob": 0.012985444150694553,
      "eta_err": 0.3526788548439854,
      "map_scale_real": 0.25880449333250233,
      "map_scale_imag": 0.0,
      "vec_scale_real": 0.2662937588967338,
      "vec_scale_imag": 0.0,
      "objective": 0.21258840839385937
    },
    {
      "r_target": 6.0,
      "r_prime": 2.0,
      "beta": 0.825,
      "status": "ok",
      "map_err_best_scale": 0.4081128033549511,
      "vec_err_best_scale": 0.3093998744740804,
      "fidelity": 0.9126350173954714,
      "post_prob": 0.008636894463875758,
      "eta_err": 0.5021225283231148,
      "map_scale_real": 0.19685803030639973,
      "map_scale_imag": 0.0,
      "vec_scale_real": 0.21028850564572307,
      "vec_scale_imag": 0.0,
      "objective": 0.4678245252817824
    },
    {
      "r_target": 10.0,
      "r_prime": 2.0,
      "beta": 0.7,
      "status": "ok",
      "map_err_best_scale": 0.7490569865261935,
      "vec_err_best_scale": 0.7057948348127095,
      "fidelity": 0.6674915309634137,
      "post_prob": 0.16023950475946383,
      "eta_err": 0.6699875880882049,
      "map_scale_real": -0.8344269145341027,
      "map_scale_imag": 0.0,
      "vec_scale_real": -0.7746327266477835,
      "vec_scale_imag": 0.0,
      "objective": 1.0469487515276354
    },
    {
      "r_target": 10.0,
      "r_prime": 2.0,
      "beta": 0.825,
      "status": "ok",
      "map_err_best_scale": 0.8232560130273219,
      "vec_err_best_scale": 0.7657160300890338,
      "fidelity": 0.6303894202886241,
      "post_prob": 0.10920404029894819,
      "eta_err": 0.6415694216890935,
      "map_scale_real": -0.6696013820394304,
      "map_scale_imag": 0.0,
      "vec_scale_real": -0.6214582752223534,
      "vec_scale_imag": 0.0,
      "objective": 1.1458245655882635
    },
    {
      "r_target": 10.0,
      "r_prime": 2.0,
      "beta": 0.95,
      "status": "ok",
      "map_err_best_scale": 0.9559705246995457,
      "vec_err_best_scale": 0.8549775361464691,
      "fidelity": 0.5777052273704147,
      "post_prob": 0.07202790784306885,
      "eta_err": 0.6620698359930044,
      "map_scale_real": -0.5073856951032792,
      "map_scale_imag": 0.0,
      "vec_scale_real": -0.48316082362637436,
      "vec_scale_imag": 0.0,
      "objective": 1.3040775371277213
    },
    {
      "r_target": 6.0,
      "r_prime": 2.0,
      "beta": 0.95,
      "status": "ok",
      "map_err_best_scale": 1.1973847103639146,
      "vec_err_best_scale": 0.7578067270075637,
      "fidelity": 0.6352146342346421,
      "post_prob": 0.007858431505875507,
      "eta_err": 0.6581450291091875,
      "map_scale_real": 0.13896164833756372,
      "map_scale_imag": 0.0,
      "vec_scale_real": 0.1673463898244395,
      "vec_scale_imag": 0.0,
      "objective": 1.3247383504777888
    },
    {
      "r_target": 10.0,
      "r_prime": 6.0,
      "beta": 0.7,
      "status": "ok",
      "map_err_best_scale": 1.1425773554397403,
      "vec_err_best_scale": 1.1420570654630264,
      "fidelity": 0.4339723369125217,
      "post_prob": 0.36452540079357626,
      "eta_err": 2.6469178663764867,
      "map_scale_real": -1.1401628545253366,
      "map_scale_imag": 0.0,
      "vec_scale_real": -0.942069808272212,
      "vec_scale_imag": 0.0,
      "objective": 1.6916471263372703
    },
    {
      "r_target": 10.0,
      "r_prime": 6.0,
      "beta": 0.95,
      "status": "ok",
      "map_err_best_scale": 1.34885933493629,
      "vec_err_best_scale": 1.3906926103795159,
      "fidelity": 0.34082861624973304,
      "post_prob": 0.2818070466181388,
      "eta_err": 2.521526908126313,
      "map_scale_real": -0.9375722968713239,
      "map_scale_imag": 0.0,
      "vec_scale_real": -0.7340609375888305,
      "vec_scale_imag": 0.0,
      "objective": 2.0480808470351746
    },
    {
      "r_target": 10.0,
      "r_prime": 6.0,
      "beta": 0.825,
      "status": "ok",
      "map_err_best_scale": 49.88393796046375,
      "vec_err_best_scale": 3.2637776648963626,
      "fidelity": 0.08582037456224308,
      "post_prob": 0.032915061309556765,
      "eta_err": 3.205932717750228,
      "map_scale_real": 0.01151752831637088,
      "map_scale_imag": 0.0,
      "vec_scale_real": 0.12588694699735997,
      "vec_scale_imag": 0.0,
      "objective": 28.201455626400126
    }
  ],
  "files": {
    "sweep_all_csv": "/Users/zhen002/GitHub/CV-DV-LCHS/results_bosonic/sweep_3param_smoke/sweep_all.csv",
    "sweep_top_csv": "/Users/zhen002/GitHub/CV-DV-LCHS/results_bosonic/sweep_3param_smoke/sweep_top.csv"
  }
}