{
  "base_config": {
    "alpha": 1.0,
    "h_grid": 1.0,
    "total_time": 1.0,
    "n_fock": 64,
    "n_coeff": 48,
    "r_target": 8.0,
    "r_prime": 4.0,
    "beta": 0.9,
    "n_quad": 300,
    "init_state": "basis01",
    "position_convention": "half",
    "position_scale": 0.8,
    "trajectory_steps": 0
  },
  "sweep_grid": {
    "r_target": [
      1.5,
      3.0,
      20
    ],
    "r_prime": [
      0.8,
      2.6,
      20
    ],
    "beta": [
      0.6,
      0.95,
      16
    ],
    "min_gap": 0.1
  },
  "counts": {
    "total_grid_points": 6400,
    "rows_written": 6400,
    "ok": 4656,
    "error": 0,
    "skipped": 1744
  },
  "best": {
    "r_target": 3.0,
    "r_prime": 2.4105263157894736,
    "beta": 0.95,
    "status": "ok",
    "map_err_best_scale": 0.7759300809023166,
    "vec_err_best_scale": 0.6902599841153741,
    "fidelity": 0.6772962232791281,
    "post_prob": 0.029313083313210624,
    "eta_err": 0.5681716965380498,
    "map_scale_real": 0.36412374049387514,
    "map_scale_imag": 0.0,
    "vec_scale_real": 0.33373998515952596,
    "vec_scale_imag": 0.0,
    "objective": 1.0443602134025762
  },
  "top_k": [
    {
      "r_target": 3.0,
      "r_prime": 2.4105263157894736,
      "beta": 0.95,
      "status": "ok",
      "map_err_best_scale": 0.7759300809023166,
      "vec_err_best_scale": 0.6902599841153741,
      "fidelity": 0.6772962232791281,
      "post_prob": 0.029313083313210624,
      "eta_err": 0.5681716965380498,
      "map_scale_real": 0.36412374049387514,
      "map_scale_imag": 0.0,
      "vec_scale_real": 0.33373998515952596,
      "vec_scale_imag": 0.0,
      "objective": 1.0443602134025762
    },
    {
      "r_target": 3.0,
      "r_prime": 2.4105263157894736,
      "beta": 0.6,
      "status": "ok",
      "map_err_best_scale": 0.7626645992430497,
      "vec_err_best_scale": 0.7059087553120481,
      "fidelity": 0.667419885235265,
      "post_prob": 0.10247406633427603,
      "eta_err": 0.596809459996355,
      "map_scale_real": 0.6812055345128137,
      "map_scale_imag": 0.0,
      "vec_scale_real": 0.6194335444181855,
      "vec_scale_imag": 0.0,
      "objective": 1.0538700606718097
    },
    {
      "r_target": 3.0,
      "r_prime": 2.4105263157894736,
      "beta": 0.9266666666666666,
      "status": "ok",
      "map_err_best_scale": 0.7854126985097369,
      "vec_err_best_scale": 0.7048814872930871,
      "fidelity": 0.6680660820011153,
      "post_prob": 0.0332948772755232,
      "eta_err": 0.57627804234805,
      "map_scale_real": 0.38588398893377057,
      "map_scale_imag": 0.0,
      "vec_scale_real": 0.35325359060469463,
      "vec_scale_imag": 0.0,
      "objective": 1.0641845324479
    },
    {
      "r_target": 3.0,
      "r_prime": 2.4105263157894736,
      "beta": 0.6233333333333333,
      "status": "ok",
      "map_err_best_scale": 0.7717696848108297,
      "vec_err_best_scale": 0.7135958514322933,
      "fidelity": 0.6625943445176875,
      "post_prob": 0.09627302464183943,
      "eta_err": 0.5970921800464193,
      "map_scale_real": 0.658691132560748,
      "map_scale_imag": 0.0,
      "vec_scale_real": 0.5982246919286174,
      "vec_scale_imag": 0.0,
      "objective": 1.0663509766118238
    },
    {
      "r_target": 3.0,
      "r_prime": 2.3157894736842106,
      "beta": 0.6,
      "status": "ok",
      "map_err_best_scale": 0.774858319690343,
      "vec_err_best_scale": 0.718097184109541,
      "fidelity": 0.659777026080976,
      "post_prob": 0.12351615217861911,
      "eta_err": 0.6161116928691123,
      "map_scale_real": 0.7486427459715673,
      "map_scale_imag": 0.0,
      "vec_scale_real": 0.6761586925854075,
      "vec_scale_imag": 0.0,
      "objective": 1.0725374926506637
    },
    {
      "r_target": 3.0,
      "r_prime": 2.4105263157894736,
      "beta": 0.6466666666666666,
      "status": "ok",
      "map_err_best_scale": 0.7800270012164345,
      "vec_err_best_scale": 0.7203396185913049,
      "fidelity": 0.6583758856872949,
      "post_prob": 0.09016666615745296,
      "eta_err": 0.5974941579583439,
      "map_scale_real": 0.6359465830475068,
      "map_scale_imag": 0.0,
      "vec_scale_real": 0.5770960850311068,
      "vec_scale_imag": 0.0,
      "objective": 1.0774343249151574
    },
    {
      "r_target": 3.0,
      "r_prime": 2.4105263157894736,
      "beta": 0.9033333333333333,
      "status": "ok",
      "map_err_best_scale": 0.7923449195421652,
      "vec_err_best_scale": 0.7155403229988684,
      "fidelity": 0.6613765564047778,
      "post_prob": 0.03733999490197752,
      "eta_err": 0.5826573198266997,
      "map_scale_real": 0.4070358860265534,
      "map_scale_imag": 0.0,
      "vec_scale_real": 0.3722199869872302,
      "vec_scale_imag": 0.0,
      "objective": 1.078643954949712
    },
    {
      "r_target": 3.0,
      "r_prime": 2.4105263157894736,
      "beta": 0.6699999999999999,
      "status": "ok",
      "map_err_best_scale": 0.7873171915177104,
      "vec_err_best_scale": 0.7260376876770614,
      "fidelity": 0.6548227891245707,
      "post_prob": 0.08423437397153236,
      "eta_err": 0.5979227466872707,
      "map_scale_real": 0.6132456922856055,
      "map_scale_imag": 0.0,
      "vec_scale_real": 0.5562816486374204,
      "vec_scale_imag": 0.0,
      "objective": 1.0869551439796883
    },
    {
      "r_target": 3.0,
      "r_prime": 2.3157894736842106,
      "beta": 0.6233333333333333,
      "status": "ok",
      "map_err_best_scale": 0.7862243277875514,
      "vec_err_best_scale": 0.7283646626618362,
      "fidelity": 0.6533748094886185,
      "post_prob": 0.11654057902699644,
      "eta_err": 0.6162242425820887,
      "map_scale_real": 0.7251104290665787,
      "map_scale_imag": 0.0,
      "vec_scale_real": 0.6535938291191945,
      "vec_scale_imag": 0.0,
      "objective": 1.0888080860811808
    },
    {
      "r_target": 3.0,
      "r_prime": 2.4105263157894736,
      "beta": 0.8799999999999999,
      "status": "ok",
      "map_err_best_scale": 0.7977091458687391,
      "vec_err_best_scale": 0.7234495402869622,
      "fidelity": 0.6564353612598712,
      "post_prob": 0.04139259595750812,
      "eta_err": 0.5875858195604693,
      "map_scale_real": 0.4273487635249345,
      "map_scale_imag": 0.0,
      "vec_scale_real": 0.3904320672209652,
      "vec_scale_imag": 0.0,
      "objective": 1.089482345158338
    },
    {
      "r_target": 2.9210526315789473,
      "r_prime": 2.4105263157894736,
      "beta": 0.95,
      "status": "ok",
      "map_err_best_scale": 0.8041576987791346,
      "vec_err_best_scale": 0.7235938497200286,
      "fidelity": 0.656345390646396,
      "post_prob": 0.029616899960721872,
      "eta_err": 0.5877885886503937,
      "map_scale_real": 0.3677344240537929,
      "map_scale_imag": 0.0,
      "vec_scale_real": 0.33023582355609127,
      "vec_scale_imag": 0.0,
      "objective": 1.0928554295772759
    },
    {
      "r_target": 3.0,
      "r_prime": 2.4105263157894736,
      "beta": 0.6933333333333334,
      "status": "ok",
      "map_err_best_scale": 0.79353319058887,
      "vec_err_best_scale": 0.730616390983465,
      "fidelity": 0.6519753536205535,
      "post_prob": 0.07853552391432717,
      "eta_err": 0.598284081859667,
      "map_scale_real": 0.5908238929455483,
      "map_scale_imag": 0.0,
      "vec_scale_real": 0.535965488837958,
      "vec_scale_imag": 0.0,
      "objective": 1.0947842185968721
    },
    {
      "r_target": 3.0,
      "r_prime": 2.4105263157894736,
      "beta": 0.8566666666666667,
      "status": "ok",
      "map_err_best_scale": 0.801795316324631,
      "vec_err_best_scale": 0.7293018293219231,
      "fidelity": 0.6527921533684,
      "post_prob": 0.04548764273684895,
      "eta_err": 0.5913388684667531,
      "map_scale_real": 0.4471370347389783,
      "map_scale_imag": 0.0,
      "vec_scale_real": 0.4081523887680288,
      "vec_scale_imag": 0.0,
      "objective": 1.0975598798158184
    },
    {
      "r_target": 3.0,
      "r_prime": 2.4105263157894736,