{
  "config": {
    "total_time": 1.0,
    "n_steps": 100,
    "alpha": 1.0,
    "h": 1.0,
    "init_qubits": [
      0,
      1
    ],
    "n_dim": 32,
    "max_fock_level": 32,
    "hbar": 2.0,
    "fock_weight_cutoff": 1e-08
  },
  "search": {
    "r_target_min": 0.3,
    "r_target_max": 1.4,
    "r_prime_min": 0.03,
    "r_prime_max": 0.4,
    "kernel_beta_min": 0.35,
    "kernel_beta_max": 0.95,
    "n_r_target": 7,
    "n_r_prime": 7,
    "n_beta": 9,
    "gamma_min": 0.03,
    "min_gap": 0.02,
    "tail_mass_max": 0.0001,
    "n_eff_max": 16.0,
    "min_post_prob": 0.001,
    "post_penalty": 100.0,
    "post_reward": 0.001,
    "disp_phase": 0.0
  },
  "best": {
    "stage": "coarse",
    "r_target": 0.4833333333333333,
    "r_prime": 0.4,
    "kernel_beta": 0.35,
    "disp_phase": 0.0,
    "theory_gamma": 0.06898020752796297,
    "theory_ok": 1,
    "theory_reason": "",
    "tail_mass_est": 2.3916125774681163e-05,
    "n_eff": 1.3843335395645557,
    "post_prob": 0.21317982523570175,
    "pde_error": 0.19006085769194747,
    "fidelity": 0.9751375407803485,
    "rho_purity": 0.9999999999999996,
    "pauli_rmse": 0.11149542416541491,
    "objective": 0.18984767786671178,
    "feasible": 1
  }
}