{
  "base_config": {
    "alpha": 1.0,
    "h_grid": 1.0,
    "total_time": 1.0,
    "n_fock": 64,
    "n_coeff": 48,
    "r_target": 8.0,
    "r_prime": 4.0,
    "beta": 0.9,
    "n_quad": 300,
    "init_state": "basis01",
    "position_convention": "half",
    "position_scale": 0.8,
    "trajectory_steps": 0
  },
  "sweep_grid": {
    "r_target": [
      0.5,
      1.8,
      18
    ],
    "r_prime": [
      0.2,
      1.5,
      18
    ],
    "beta": [
      0.5,
      0.95,
      14
    ],
    "min_gap": 0.1
  },
  "counts": {
    "total_grid_points": 4536,
    "rows_written": 4536,
    "ok": 2856,
    "error": 0,
    "skipped": 1680
  },
  "best": {
    "r_target": 0.5,
    "r_prime": 0.35294117647058826,
    "beta": 0.95,
    "status": "ok",
    "map_err_best_scale": 0.7449616196613573,
    "vec_err_best_scale": 0.6815645727048092,
    "fidelity": 0.6828127917137685,
    "post_prob": 0.6292602474786824,
    "eta_err": 1.2487122440463547,
    "map_scale_real": 1.7408955346351804,
    "map_scale_imag": 0.0,
    "vec_scale_real": 1.5525805341929837,
    "vec_scale_imag": 0.0,
    "objective": 1.0199047429497994
  },
  "top_k": [
    {
      "r_target": 0.5,
      "r_prime": 0.35294117647058826,
      "beta": 0.95,
      "status": "ok",
      "map_err_best_scale": 0.7449616196613573,
      "vec_err_best_scale": 0.6815645727048092,
      "fidelity": 0.6828127917137685,
      "post_prob": 0.6292602474786824,
      "eta_err": 1.2487122440463547,
      "map_scale_real": 1.7408955346351804,
      "map_scale_imag": 0.0,
      "vec_scale_real": 1.5525805341929837,
      "vec_scale_imag": 0.0,
      "objective": 1.0199047429497994
    },
    {
      "r_target": 0.5,
      "r_prime": 0.27647058823529413,
      "beta": 0.95,
      "status": "ok",
      "map_err_best_scale": 0.7555661258804623,
      "vec_err_best_scale": 0.6920766840025155,
      "fidelity": 0.6761461744856605,
      "post_prob": 0.6636089987313886,
      "eta_err": 1.2753108955165506,
      "map_scale_real": 1.7821263203156068,
      "map_scale_imag": 0.0,
      "vec_scale_real": 1.5865895702795234,
      "vec_scale_imag": 0.0,
      "objective": 1.0360524382184637
    },
    {
      "r_target": 0.5,
      "r_prime": 0.35294117647058826,
      "beta": 0.9153846153846154,
      "status": "ok",
      "map_err_best_scale": 0.7586360333132339,
      "vec_err_best_scale": 0.6963671872703443,
      "fidelity": 0.6734336605364297,
      "post_prob": 0.6550823813729811,
      "eta_err": 1.2789733108679666,
      "map_scale_real": 1.7667472887684859,
      "map_scale_imag": 0.0,
      "vec_scale_real": 1.5731985367234465,
      "vec_scale_imag": 0.0,
      "objective": 1.0420135209001398
    },
    {
      "r_target": 0.5,
      "r_prime": 0.2,
      "beta": 0.95,
      "status": "ok",
      "map_err_best_scale": 0.7604368352148924,
      "vec_err_best_scale": 0.6964230745082182,
      "fidelity": 0.6733983613055481,
      "post_prob": 0.6827959646169534,
      "eta_err": 1.2894341111476184,
      "map_scale_real": 1.8059782576949739,
      "map_scale_imag": 0.0,
      "vec_scale_real": 1.6060892107336817,
      "vec_scale_imag": 0.0,
      "objective": 1.042971574050387
    },
    {
      "r_target": 0.5,
      "r_prime": 0.27647058823529413,
      "beta": 0.9153846153846154,
      "status": "ok",
      "map_err_best_scale": 0.7679370709819883,
      "vec_err_best_scale": 0.7055672496061357,
      "fidelity": 0.6676346729756171,
      "post_prob": 0.6845649998357872,
      "eta_err": 1.3027012287072344,
      "map_scale_real": 1.801064368249452,
      "map_scale_imag": 0.0,
      "vec_scale_real": 1.6012714162168162,
      "vec_scale_imag": 0.0,
      "objective": 1.056154051448349
    },
    {
      "r_target": 0.5764705882352941,
      "r_prime": 0.4294117647058824,
      "beta": 0.95,
      "status": "ok",
      "map_err_best_scale": 0.7684731721291692,
      "vec_err_best_scale": 0.7088946969903979,
      "fidelity": 0.6655433663793083,
      "post_prob": 0.6376446870092968,
      "eta_err": 1.292057398518726,
      "map_scale_real": 1.7327333467123904,
      "map_scale_imag": 0.0,
      "vec_scale_real": 1.5429992551222342,
      "vec_scale_imag": 0.0,
      "objective": 1.059854114736017
    },
    {
      "r_target": 0.5,
      "r_prime": 0.2,
      "beta": 0.9153846153846154,
      "status": "ok",
      "map_err_best_scale": 0.7715133778042017,
      "vec_err_best_scale": 0.7085504746344777,
      "fidelity": 0.6657595581262377,
      "post_prob": 0.7002185464036844,
      "eta_err": 1.3139563145291482,
      "map_scale_real": 1.820650222827354,
      "map_scale_imag": 0.0,
      "vec_scale_real": 1.617199781736602,
      "vec_scale_imag": 0.0,
      "objective": 1.0610191856302666
    },
    {
      "r_target": 0.5,
      "r_prime": 0.35294117647058826,
      "beta": 0.8807692307692307,
      "status": "ok",
      "map_err_best_scale": 0.7721578349197319,
      "vec_err_best_scale": 0.7110760801382441,
      "fidelity": 0.6641741575435106,
      "post_prob": 0.6793238225485544,
      "eta_err": 1.309168805704497,
      "map_scale_real": 1.7894304445507345,
      "map_scale_imag": 0.0,
      "vec_scale_real": 1.5909904519046723,
      "vec_scale_imag": 0.0,
      "objective": 1.0639462897209346
    },
    {
      "r_target": 0.5,
      "r_prime": 0.27647058823529413,
      "beta": 0.8807692307692307,
      "status": "ok",
      "map_err_best_scale": 0.7801334047704719,
      "vec_err_best_scale": 0.7189209549184372,
      "fidelity": 0.6592621248106749,
      "post_prob": 0.7043348496300985,
      "eta_err": 1.3299446373683275,
      "map_scale_real": 1.8178053532713498,
      "map_scale_imag": 0.0,
      "vec_scale_real": 1.614012209638759,
      "vec_scale_imag": 0.0,
      "objective": 1.0760245510631394
    },
    {
      "r_target": 0.5764705882352941,
      "r_prime": 0.35294117647058826,
      "beta": 0.95,
      "status": "ok",
      "map_err_best_scale": 0.7793447089413914,
      "vec_err_best_scale": 0.7198883561915856,
      "fidelity": 0.658657720147106,
      "post_prob": 0.6774257227637802,
      "eta_err": 1.3194804778646672,
      "map_scale_real": 1.7797278962302852,
      "map_scale_imag": 0.0,
      "vec_scale_real": 1.582154530335239,
      "vec_scale_imag": 0.0,
      "objective": 1.0766278246549261
    },
    {
      "r_target": 0.5,
      "r_prime": 0.2,
      "beta": 0.8807692307692307,
      "status": "ok",
      "map_err_best_scale": 0.7824330935348988,
      "vec_err_best_scale": 0.7205465169981526,
      "fidelity": 0.6582466895859911,
      "post_prob": 0.7167472529983135,
      "eta_err": 1.3383335958191755,
      "map_scale_real": 1.833736745256589,
      "map_scale_imag": 0.0,
      "vec_scale_real": 1.626917477080386,
      "vec_scale_imag": 0.0,
      "objective": 1.0788507292863023
    },
    {
      "r_target": 0.5764705882352941,
      "r_prime": 0.4294117647058824,
      "beta": 0.9153846153846154,
      "status": "ok",
      "map_err_best_scale": 0.7820699756145852,
      "vec_err_best_scale": 0.7237274253580922,
      "fidelity": 0.6562621180743352,
      "post_prob": 0.6659016955236303,
      "eta_err": 1.3225427300612154,
      "map_scale_real": 1.7609667432879437,
      "map_scale_imag": 0.0,
      "vec_scale_real": 1.5657841497779892,
      "vec_scale_imag": 0.0,
      "objective": 1.0819493072616682
    },
    {
      "r_target": 0.5764705882352941,
      "r_prime": 0.27647058823529413,
      "beta": 0.95,
      "status": "ok",
      "map_err_best_scale": 0.7851338131419071,
      "vec_err_best_scale": 0.7253873644279274,
      "fidelity": 0.6552277750957844,
      "post_prob": 0.7014265569508008,
      "eta_err": 1.3356434570711424,
      "map_scale_real": 1.8082862948130556,
      "map_scale_imag": 0.0,
      "vec_scale_real": 1.6057407023586359,
      "vec_scale_imag": 0.0,
      "objective": 1.0851928822440917
    },
    {
      "r_target": 0.5,
      "r_prime": 0.35294117647058826,
      "beta": 0.846153846153846,
      "status": "ok",