source,valid,error,r_target,r_prime,beta,n_coeff,n_trotter_steps,state_prep_method,fidelity,post_prob,mo_score,pareto_rank,rel_error,eta_real,eta_imag,prep_fidelity,circuit_depth,circuit_size,runtime_sec,optimizer,seed_rank,seed_method,seed_n_coeff,seed_n_trotter,seed_fidelity,seed_post_prob,seed_mo_score,opt_success,opt_message,opt_fun,opt_nfev
local_search,True,,1.9962962962962965,1.094444444444444,0.7097222222222221,24,100,injection,0.5430025940125884,0.729936091545343,0.6295690519494518,1,0.9173940420706729,1.4911850301784932,-8.739424684248258e-14,1.0,1502,2304,3.68251645800774,Nelder-Mead,1,injection,24,100,0.5440086024975846,0.715299879251036,0.6238022825207096,False,Maximum number of function evaluations has been exceeded.,0.3704309480505482,18
local_search,True,,1.9499973578220493,1.0,0.75,24,100,injection,0.5478892424562678,0.7144703105570142,0.6256601291504653,1,0.9083977162469673,1.481926431548331,-8.595471084656165e-14,1.0,1502,2304,3.6589583749882877,Powell,1,injection,24,100,0.5440086024975846,0.715299879251036,0.6238022825207096,False,Maximum number of function evaluations has been exceeded.,0.3743398708495347,18
local_search,True,,1.953703703703704,0.9972222222222227,0.6783333333333337,24,100,injection,0.5368874713764857,0.7364474144270431,0.6287999603478724,1,0.9287559954717322,1.489363374746798,-8.722140765286385e-14,1.0,1502,2304,3.6535533330170438,Nelder-Mead,2,injection,24,100,0.5218046030151315,0.7425720374420258,0.6224769129916174,False,Maximum number of function evaluations has been exceeded.,0.37120003965212756,18
local_search,True,,1.959936069204421,1.0,0.6,24,100,injection,0.5241613114669185,0.7426196584122879,0.6239010290699157,1,0.9527904462194237,1.4777598612593712,-8.723981321170322e-14,1.0,1502,2304,3.8641406669921707,Powell,2,injection,24,100,0.5218046030151315,0.7425720374420258,0.6224769129916174,False,Maximum number of function evaluations has been exceeded.,0.37609897093008426,18
