{
  "best": {
    "source": "local_search",
    "r_target": 1.9962962962962965,
    "r_prime": 1.094444444444444,
    "beta": 0.7097222222222221,
    "n_coeff": 24,
    "n_trotter_steps": 100,
    "state_prep_method": "injection",
    "valid": true,
    "fidelity": 0.5430025940125884,
    "post_prob": 0.729936091545343,
    "mo_score": 0.6295690519494518,
    "rel_error": 0.9173940420706729,
    "eta_real": 1.4911850301784932,
    "eta_imag": -8.739424684248258e-14,
    "prep_fidelity": 1.0,
    "circuit_depth": 1502,
    "circuit_size": 2304,
    "runtime_sec": 3.68251645800774,
    "optimizer": "Nelder-Mead",
    "seed_rank": 1,
    "seed_method": "injection",
    "seed_n_coeff": 24,
    "seed_n_trotter": 100,
    "seed_fidelity": 0.5440086024975846,
    "seed_post_prob": 0.715299879251036,
    "seed_mo_score": 0.6238022825207096,
    "opt_success": false,
    "opt_message": "Maximum number of function evaluations has been exceeded.",
    "opt_fun": 0.3704309480505482,
    "opt_nfev": 18,
    "pareto_rank": 1
  },
  "top_k": [
    {
      "source": "local_search",
      "r_target": 1.9962962962962965,
      "r_prime": 1.094444444444444,
      "beta": 0.7097222222222221,
      "n_coeff": 24,
      "n_trotter_steps": 100,
      "state_prep_method": "injection",
      "valid": true,
      "fidelity": 0.5430025940125884,
      "post_prob": 0.729936091545343,
      "mo_score": 0.6295690519494518,
      "rel_error": 0.9173940420706729,
      "eta_real": 1.4911850301784932,
      "eta_imag": -8.739424684248258e-14,
      "prep_fidelity": 1.0,
      "circuit_depth": 1502,
      "circuit_size": 2304,
      "runtime_sec": 3.68251645800774,
      "optimizer": "Nelder-Mead",
      "seed_rank": 1,
      "seed_method": "injection",
      "seed_n_coeff": 24,
      "seed_n_trotter": 100,
      "seed_fidelity": 0.5440086024975846,
      "seed_post_prob": 0.715299879251036,
      "seed_mo_score": 0.6238022825207096,
      "opt_success": false,
      "opt_message": "Maximum number of function evaluations has been exceeded.",
      "opt_fun": 0.3704309480505482,
      "opt_nfev": 18,
      "pareto_rank": 1
    },
    {
      "source": "local_search",
      "r_target": 1.953703703703704,
      "r_prime": 0.9972222222222227,
      "beta": 0.6783333333333337,
      "n_coeff": 24,
      "n_trotter_steps": 100,
      "state_prep_method": "injection",
      "valid": true,
      "fidelity": 0.5368874713764857,
      "post_prob": 0.7364474144270431,
      "mo_score": 0.6287999603478724,
      "rel_error": 0.9287559954717322,
      "eta_real": 1.489363374746798,
      "eta_imag": -8.722140765286385e-14,
      "prep_fidelity": 1.0,
      "circuit_depth": 1502,
      "circuit_size": 2304,
      "runtime_sec": 3.6535533330170438,
      "optimizer": "Nelder-Mead",
      "seed_rank": 2,
      "seed_method": "injection",
      "seed_n_coeff": 24,
      "seed_n_trotter": 100,
      "seed_fidelity": 0.5218046030151315,
      "seed_post_prob": 0.7425720374420258,
      "seed_mo_score": 0.6224769129916174,
      "opt_success": false,
      "opt_message": "Maximum number of function evaluations has been exceeded.",
      "opt_fun": 0.37120003965212756,
      "opt_nfev": 18,
      "pareto_rank": 1
    },
    {
      "source": "local_search",
      "r_target": 1.9499973578220493,
      "r_prime": 1.0,
      "beta": 0.75,
      "n_coeff": 24,
      "n_trotter_steps": 100,
      "state_prep_method": "injection",
      "valid": true,
      "fidelity": 0.5478892424562678,
      "post_prob": 0.7144703105570142,
      "mo_score": 0.6256601291504653,
      "rel_error": 0.9083977162469673,
      "eta_real": 1.481926431548331,
      "eta_imag": -8.595471084656165e-14,
      "prep_fidelity": 1.0,
      "circuit_depth": 1502,
      "circuit_size": 2304,
      "runtime_sec": 3.6589583749882877,
      "optimizer": "Powell",
      "seed_rank": 1,
      "seed_method": "injection",
      "seed_n_coeff": 24,
      "seed_n_trotter": 100,
      "seed_fidelity": 0.5440086024975846,
      "seed_post_prob": 0.715299879251036,
      "seed_mo_score": 0.6238022825207096,
      "opt_success": false,
      "opt_message": "Maximum number of function evaluations has been exceeded.",
      "opt_fun": 0.3743398708495347,
      "opt_nfev": 18,
      "pareto_rank": 1
    },
    {
      "source": "local_search",
      "r_target": 1.959936069204421,
      "r_prime": 1.0,
      "beta": 0.6,
      "n_coeff": 24,
      "n_trotter_steps": 100,
      "state_prep_method": "injection",
      "valid": true,
      "fidelity": 0.5241613114669185,
      "post_prob": 0.7426196584122879,
      "mo_score": 0.6239010290699157,
      "rel_error": 0.9527904462194237,
      "eta_real": 1.4777598612593712,
      "eta_imag": -8.723981321170322e-14,
      "prep_fidelity": 1.0,
      "circuit_depth": 1502,
      "circuit_size": 2304,
      "runtime_sec": 3.8641406669921707,
      "optimizer": "Powell",
      "seed_rank": 2,
      "seed_method": "injection",
      "seed_n_coeff": 24,
      "seed_n_trotter": 100,
      "seed_fidelity": 0.5218046030151315,
      "seed_post_prob": 0.7425720374420258,
      "seed_mo_score": 0.6224769129916174,
      "opt_success": false,
      "opt_message": "Maximum number of function evaluations has been exceeded.",
      "opt_fun": 0.37609897093008426,
      "opt_nfev": 18,
      "pareto_rank": 1
    },
    {
      "source": "grid",
      "r_target": 2.0,
      "r_prime": 1.0,
      "beta": 0.75,
      "n_coeff": 24,
      "n_trotter_steps": 100,
      "state_prep_method": "injection",
      "valid": true,
      "fidelity": 0.5440086024975846,
      "post_prob": 0.715299879251036,
      "mo_score": 0.6238022825207096,
      "rel_error": 0.9155360319508652,
      "eta_real": 1.4775259721005851,
      "eta_imag": -8.604948963806853e-14,
      "prep_fidelity": 1.0,
      "circuit_depth": 1502,
      "circuit_size": 2304,
      "runtime_sec": 3.6696591249783523,
      "pareto_rank": 1
    },
    {
      "source": "grid",
      "r_target": 2.0,
      "r_prime": 1.0,
      "beta": 0.9,
      "n_coeff": 24,
      "n_trotter_steps": 100,
      "state_prep_method": "injection",
      "valid": true,
      "fidelity": 0.5671842555446788,
      "post_prob": 0.5763511489965033,
      "mo_score": 0.5717493308923955,
      "rel_error": 0.8735533668867441,
      "eta_real": 1.3542343617452222,
      "eta_imag": -7.824805226901659e-14,
      "prep_fidelity": 1.0,
      "circuit_depth": 1502,
      "circuit_size": 2304,
      "runtime_sec": 3.8574722920020577,
      "pareto_rank": 1
    },
    {
      "source": "grid",
      "r_target": 2.0,
      "r_prime": 1.0,
      "beta": 0.99,
      "n_coeff": 24,
      "n_trotter_steps": 100,
      "state_prep_method": "injection",
      "valid": true,
      "fidelity": 0.5696394247477824,
      "post_prob": 0.29944859748979424,
      "mo_score": 0.4130105650169456,
      "rel_error": 0.869192999970672,
      "eta_real": 0.978248803609043,
      "eta_imag": -5.5626162173420526e-14,
      "prep_fidelity": 1.0,
      "circuit_depth": 1502,
      "circuit_size": 2304,
      "runtime_sec": 3.7667318749881815,
      "pareto_rank": 1
    },
    {
      "source": "grid",
      "r_target": 5.0,
      "r_prime": 3.0,
      "beta": 0.3,
      "n_coeff": 48,
      "n_trotter_steps": 200,
      "state_prep_method": "injection",
      "valid": true,
      "fidelity": 0.9450877877860263,
      "post_prob": 0.15384478204190602,
      "mo_score": 0.3813093556712297,
      "rel_error": 0.2410451482463951,
      "eta_real": 0.903161934792179,
      "eta_imag": -7.952407541593839e-14,
      "prep_fidelity": 1.0,
      "circuit_depth": 3002,
      "circuit_size": 4604,
      "runtime_sec": 7.388112542015733,
      "pareto_rank": 1
    },
    {
      "source": "grid",
      "r_target": 5.0,
      "r_prime": 3.0,
      "beta": 0.3,
      "n_coeff": 48,
      "n_trotter_steps": 100,
      "state_prep_method": "injection",
      "valid": true,
      "fidelity": 0.945442826787875,