{
  "best": {
    "source": "local_search",
    "r_target": 1.916666666666667,
    "r_prime": 0.9750000000000001,
    "beta": 0.675,
    "n_coeff": 24,
    "n_trotter_steps": 100,
    "state_prep_method": "injection",
    "valid": true,
    "fidelity": 0.5381339270557014,
    "post_prob": 0.7331401587850863,
    "mo_score": 0.6281143150169871,
    "mo_phys_score": 0.6150484946285417,
    "energy_nbar_target": 11.059493396652996,
    "energy_nbar_prime": 1.2927404130439522,
    "energy_log_total": 2.5916836974177895,
    "energy_penalty": 0.013065820388445447,
    "rel_error": 0.9264304993276642,
    "eta_real": 1.487739368531337,
    "eta_imag": -8.743961251741496e-14,
    "prep_fidelity": 1.0,
    "circuit_depth": 1502,
    "circuit_size": 2304,
    "runtime_sec": 3.829803416010691,
    "optimizer": "Nelder-Mead",
    "seed_rank": 2,
    "seed_method": "injection",
    "seed_n_coeff": 24,
    "seed_n_trotter": 100,
    "seed_fidelity": 0.5218046030151315,
    "seed_post_prob": 0.7425720374420258,
    "seed_mo_score": 0.6224769129916174,
    "seed_mo_phys_score": 0.6074791388923474,
    "opt_success": false,
    "opt_message": "Maximum number of function evaluations has been exceeded.",
    "opt_fun": 0.3849515053714583,
    "opt_nfev": 18,
    "pareto_rank": 1
  },
  "top_k": [
    {
      "source": "local_search",
      "r_target": 1.916666666666667,
      "r_prime": 0.9750000000000001,
      "beta": 0.675,
      "n_coeff": 24,
      "n_trotter_steps": 100,
      "state_prep_method": "injection",
      "valid": true,
      "fidelity": 0.5381339270557014,
      "post_prob": 0.7331401587850863,
      "mo_score": 0.6281143150169871,
      "mo_phys_score": 0.6150484946285417,
      "energy_nbar_target": 11.059493396652996,
      "energy_nbar_prime": 1.2927404130439522,
      "energy_log_total": 2.5916836974177895,
      "energy_penalty": 0.013065820388445447,
      "rel_error": 0.9264304993276642,
      "eta_real": 1.487739368531337,
      "eta_imag": -8.743961251741496e-14,
      "prep_fidelity": 1.0,
      "circuit_depth": 1502,
      "circuit_size": 2304,
      "runtime_sec": 3.829803416010691,
      "optimizer": "Nelder-Mead",
      "seed_rank": 2,
      "seed_method": "injection",
      "seed_n_coeff": 24,
      "seed_n_trotter": 100,
      "seed_fidelity": 0.5218046030151315,
      "seed_post_prob": 0.7425720374420258,
      "seed_mo_score": 0.6224769129916174,
      "seed_mo_phys_score": 0.6074791388923474,
      "opt_success": false,
      "opt_message": "Maximum number of function evaluations has been exceeded.",
      "opt_fun": 0.3849515053714583,
      "opt_nfev": 18,
      "pareto_rank": 1
    },
    {
      "source": "local_search",
      "r_target": 1.9666666666666668,
      "r_prime": 1.0499999999999998,
      "beta": 0.7249999999999999,
      "n_coeff": 24,
      "n_trotter_steps": 100,
      "state_prep_method": "injection",
      "valid": true,
      "fidelity": 0.5447115624661579,
      "post_prob": 0.7263017747623456,
      "mo_score": 0.6289872610417009,
      "mo_phys_score": 0.6145682019017686,
      "energy_nbar_target": 12.274132257116403,
      "energy_nbar_prime": 1.5721565852051573,
      "energy_log_total": 2.697749924408123,
      "energy_penalty": 0.014419059139932288,
      "rel_error": 0.9142395681337202,
      "eta_real": 1.4898070115328095,
      "eta_imag": -8.867304220764776e-14,
      "prep_fidelity": 1.0,
      "circuit_depth": 1502,
      "circuit_size": 2304,
      "runtime_sec": 3.6066689169965684,
      "optimizer": "Nelder-Mead",
      "seed_rank": 1,
      "seed_method": "injection",
      "seed_n_coeff": 24,
      "seed_n_trotter": 100,
      "seed_fidelity": 0.5440086024975846,
      "seed_post_prob": 0.715299879251036,
      "seed_mo_score": 0.6238022825207096,
      "seed_mo_phys_score": 0.6088045084214395,
      "opt_success": false,
      "opt_message": "Maximum number of function evaluations has been exceeded.",
      "opt_fun": 0.38543179809823136,
      "opt_nfev": 18,
      "pareto_rank": 1
    },
    {
      "source": "local_search",
      "r_target": 1.938331430533519,
      "r_prime": 1.0,
      "beta": 0.75,
      "n_coeff": 24,
      "n_trotter_steps": 100,
      "state_prep_method": "injection",
      "valid": true,
      "fidelity": 0.5488166205215991,
      "post_prob": 0.7129764150705629,
      "mo_score": 0.625534416823432,
      "mo_phys_score": 0.6119080021369226,
      "energy_nbar_target": 11.570901482814747,
      "energy_nbar_prime": 1.3810978455418155,
      "energy_log_total": 2.6356228190270414,
      "energy_penalty": 0.013626414686509351,
      "rel_error": 0.9066985450845688,
      "eta_real": 1.4816286717718612,
      "eta_imag": -8.654923594738885e-14,
      "prep_fidelity": 1.0,
      "circuit_depth": 1502,
      "circuit_size": 2304,
      "runtime_sec": 3.699700416997075,
      "optimizer": "Powell",
      "seed_rank": 1,
      "seed_method": "injection",
      "seed_n_coeff": 24,
      "seed_n_trotter": 100,
      "seed_fidelity": 0.5440086024975846,
      "seed_post_prob": 0.715299879251036,
      "seed_mo_score": 0.6238022825207096,
      "seed_mo_phys_score": 0.6088045084214395,
      "opt_success": false,
      "opt_message": "Maximum number of function evaluations has been exceeded.",
      "opt_fun": 0.38809199786307735,
      "opt_nfev": 18,
      "pareto_rank": 1
    },
    {
      "source": "local_search",
      "r_target": 1.9498314437884694,
      "r_prime": 1.0,
      "beta": 0.6,
      "n_coeff": 24,
      "n_trotter_steps": 100,
      "state_prep_method": "injection",
      "valid": true,
      "fidelity": 0.5247614230669265,
      "post_prob": 0.7415095474524128,
      "mo_score": 0.623791315536567,
      "mo_phys_score": 0.6099108427812817,
      "energy_nbar_target": 11.851511617363238,
      "energy_nbar_prime": 1.3810978455418155,
      "energy_log_total": 2.6555357728660485,
      "energy_penalty": 0.013880472755285275,
      "rel_error": 0.9516448305619598,
      "eta_real": 1.4774999959149246,
      "eta_imag": -8.663521893915604e-14,
      "prep_fidelity": 1.0,
      "circuit_depth": 1502,
      "circuit_size": 2304,
      "runtime_sec": 3.8702397079905495,
      "optimizer": "Powell",
      "seed_rank": 2,
      "seed_method": "injection",
      "seed_n_coeff": 24,
      "seed_n_trotter": 100,
      "seed_fidelity": 0.5218046030151315,
      "seed_post_prob": 0.7425720374420258,
      "seed_mo_score": 0.6224769129916174,
      "seed_mo_phys_score": 0.6074791388923474,
      "opt_success": false,
      "opt_message": "Maximum number of function evaluations has been exceeded.",
      "opt_fun": 0.3900891572187183,
      "opt_nfev": 18,
      "pareto_rank": 1
    },
    {
      "source": "grid",
      "r_target": 2.0,
      "r_prime": 1.0,
      "beta": 0.6,
      "n_coeff": 24,
      "n_trotter_steps": 100,
      "state_prep_method": "injection",
      "valid": true,
      "fidelity": 0.5218046030151315,
      "post_prob": 0.7425720374420258,
      "mo_score": 0.6224769129916174,
      "mo_phys_score": 0.6074791388923474,
      "energy_nbar_target": 13.154116418008241,
      "energy_nbar_prime": 1.3810978455418155,
      "energy_log_total": 2.743109335060812,
      "energy_penalty": 0.014997774099270082,
      "rel_error": 0.957301507387813,
      "eta_real": 1.4743867275727336,
      "eta_imag": -8.652044786588719e-14,
      "prep_fidelity": 1.0,
      "circuit_depth": 1502,
      "circuit_size": 2304,
      "runtime_sec": 3.7514098339888733,
      "pareto_rank": 1
    },
    {
      "source": "grid",
      "r_target": 2.0,
      "r_prime": 1.0,
      "beta": 0.9,
      "n_coeff": 24,
      "n_trotter_steps": 100,
      "state_prep_method": "injection",
      "valid": true,
      "fidelity": 0.5671842555446788,
      "post_prob": 0.5763511489965033,
      "mo_score": 0.5717493308923955,
      "mo_phys_score": 0.5567515567931255,
      "energy_nbar_target": 13.154116418008241,
      "energy_nbar_prime": 1.3810978455418155,