{
  "config": {
    "total_time": 1.0,
    "n_steps": 500,
    "alpha": 1.0,
    "h": 1.0,
    "init_qubits": [
      0,
      1
    ],
    "n_dim": 32,
    "max_fock_level": 32,
    "hbar": 2.0,
    "fock_weight_cutoff": 1e-08
  },
  "params": {
    "r_target": 0.85,
    "r_prime": 0.03,
    "kernel_beta": 0.35,
    "disp_phase": 0.0
  },
  "metrics": {
    "post_prob": 0.19322523298933036,
    "pde_error": 0.2130221086800655,
    "fidelity": 0.9584835247086562,
    "infidelity": 0.041516475291343835,
    "trace_distance": 0.2037559208743252,
    "hs_distance": 0.28815438671428983,
    "pauli_rmse": 0.14407719335714492,
    "pauli_max_abs": 0.36023189687472285,
    "gamma": 0.759081009531514,
    "n_eff": 1.4080413094392608,
    "tail_mass_est": 1.28529064247207e-06,
    "trotter_bound_est": 0.001,
    "rho_trace_before": 1.0,
    "rho_trace_after": 1.0000000000000002,
    "rho_min_eig_before": -7.48991219927359e-17,
    "rho_purity": 1.0000000000000002,
    "weights_l1": 1.0,
    "weights_l2_sq": 0.710206435916458,
    "active_levels": 32.0,
    "post_prob_incoherent_baseline": 0.18528438754697096
  }
}