{
  "config": {
    "total_time": 1.0,
    "n_steps": 500,
    "alpha": 1.0,
    "h": 1.0,
    "init_qubits": [
      0,
      1
    ],
    "n_dim": 32,
    "max_fock_level": 32,
    "hbar": 2.0,
    "fock_weight_cutoff": 1e-08
  },
  "params": {
    "r_target": 1.2,
    "r_prime": 0.3,
    "kernel_beta": 0.8,
    "disp_phase": 0.0
  },
  "metrics": {
    "post_prob": 0.11668677060642554,
    "pde_error": 0.2830125721808309,
    "fidelity": 0.946777181446865,
    "infidelity": 0.05322281855313504,
    "trace_distance": 0.23070071207765008,
    "hs_distance": 0.3262600758693432,
    "pauli_rmse": 0.16313003793467157,
    "pauli_max_abs": 0.42007338599409205,
    "gamma": 0.4580936828046139,
    "n_eff": 1.298583667352261,
    "tail_mass_est": 9.47390700600792e-06,
    "trotter_bound_est": 0.001,
    "rho_trace_before": 1.0,
    "rho_trace_after": 0.9999999999999996,
    "rho_min_eig_before": -1.0114561251127837e-16,
    "rho_purity": 0.9999999999999989,
    "weights_l1": 1.0,
    "weights_l2_sq": 0.770069749944525,
    "active_levels": 32.0,
    "post_prob_incoherent_baseline": 0.14193612219446344
  }
}