{
  "config": {
    "total_time": 1.0,
    "n_steps": 200,
    "alpha": 1.0,
    "h": 1.0,
    "init_qubits": [
      0,
      1
    ],
    "n_dim": 32,
    "max_fock_level": 32,
    "hbar": 2.0,
    "fock_weight_cutoff": 1e-08
  },
  "params": {
    "r_target": 0.85,
    "r_prime": 0.03,
    "kernel_beta": 0.35,
    "disp_phase": 0.0
  },
  "metrics": {
    "post_prob": 0.1930061153798992,
    "pde_error": 0.21243036401968718,
    "fidelity": 0.9586516745447036,
    "infidelity": 0.04134832545529643,
    "trace_distance": 0.2033428765786903,
    "hs_distance": 0.28757025386954216,
    "pauli_rmse": 0.14378512693477108,
    "pauli_max_abs": 0.3598843525137949,
    "gamma": 0.759081009531514,
    "n_eff": 1.4080413094392608,
    "tail_mass_est": 1.28529064247207e-06,
    "trotter_bound_est": 0.0025,
    "rho_trace_before": 1.0,
    "rho_trace_after": 0.9999999999999998,
    "rho_min_eig_before": -1.5163820312417218e-16,
    "rho_purity": 0.9999999999999996,
    "weights_l1": 1.0,
    "weights_l2_sq": 0.710206435916458,
    "active_levels": 32.0,
    "post_prob_incoherent_baseline": 0.18521018663467836
  }
}