{
  "config": {
    "total_time": 1.0,
    "n_steps": 100,
    "alpha": 1.0,
    "h": 1.0,
    "init_qubits": [
      0,
      1
    ],
    "n_dim": 32,
    "max_fock_level": 32,
    "hbar": 2.0,
    "fock_weight_cutoff": 1e-08
  },
  "params": {
    "r_target": 0.85,
    "r_prime": 0.03,
    "kernel_beta": 0.35,
    "disp_phase": 0.0
  },
  "metrics": {
    "post_prob": 0.18508357812993584,
    "pde_error": 0.12203977526720182,
    "fidelity": 0.9569723893788442,
    "infidelity": 0.04302761062115579,
    "trace_distance": 0.12450240150091438,
    "hs_distance": 0.16941224712511507,
    "pauli_rmse": 0.08470612356255747,
    "pauli_max_abs": 0.1969162656550023,
    "gamma": 0.759081009531514,
    "n_eff": 1.4080413094392608,
    "tail_mass_est": 1.28529064247207e-06,
    "trotter_bound_est": 0.005,
    "rho_trace_before": 1.0,
    "rho_trace_after": 1.0000000000000002,
    "rho_min_eig_before": 0.00014921238629011797,
    "rho_purity": 0.9426452882336688,
    "weights_l1": 1.0,
    "weights_l2_sq": 0.710206435916458,
    "active_levels": 32.0
  }
}