r_target,r_prime,beta,n_coeff,n_trotter_steps,state_prep_method,snap_depth,valid,error,fidelity,fidelity_vs_truncated,postselection_probability,rel_error_vs_exact,rel_error_vs_truncated,oracle_fidelity,coeff_backend_gap,circuit_depth,circuit_size,score,source
1.1,0.2,0.6,8,8,injection,0,True,,0.6821118761325514,0.9999788354893349,0.3592547998793253,0.6826676860538914,0.004600538947842063,1.0,2.5161633669192927e-07,122,180,0.4950272371852996,grid
1.1,0.2,0.6,8,16,injection,0,True,,0.6809899931264128,0.9999947041442792,0.35923613387280784,0.6844343351801118,0.002301278724321254,1.0,2.5161633669192927e-07,242,356,0.4946071292822239,grid
1.1,0.2,0.6,8,32,injection,0,True,,0.6804102465250108,0.9999986752928121,0.3592289267486438,0.6853477649239623,0.0011509600091652444,1.0,2.5161633669192927e-07,482,708,0.4943915883264599,grid
1.1,0.2,0.7,8,8,injection,0,True,,0.686396005304869,0.9999820947150047,0.3524127757757135,0.6759326413351542,0.0042315015775735015,1.0,2.2168983139006425e-07,122,180,0.49182793892869714,grid
1.1,0.2,0.7,8,16,injection,0,True,,0.6853525552249666,0.9999955157086023,0.3523881072132521,0.6775714314139697,0.002117619301649036,1.0,2.2168983139006425e-07,242,356,0.4914367606411753,grid
