{
  "dv_repo_src": "/Users/zhen002/GitHub/lchs-quantum-pde/src",
  "nwq_src": "/Users/zhen002/GitHub/nwtoolchain/prototypes_nwqlib/prototypes/lchs/src",
  "num_system_qubits": 3,
  "grid_points": 8,
  "boundary_condition": "dirichlet",
  "initial_basis_index": 1,
  "num_qubits_lcu": 9,
  "lcu_branch_count": 512,
  "lsb_pos": -3,
  "dyadic_step": 0.125,
  "kappa": 1.0,
  "h": 1.0,
  "total_time": 1.0,
  "num_time_steps": 100,
  "step_dt": 0.01,
  "kernel": "parametrized",
  "kernel_projection": "positive_real",
  "beta": 0.6,
  "use_kernel_phases": false,
  "num_layers": 2,
  "nwq_h1": 0.09482931399264387,
  "nwq_K": 4.077660501683686,
  "nwq_Q": 4,
  "nwq_M": 344,
  "nwq_control_qubits": 9,
  "k_values": [
    0.0,
    0.125,
    0.25,
    0.375,
    0.5,
    0.625,
    0.75,
    0.875,
    1.0,
    1.125,
    1.25,
    1.375,
    1.5,
    1.625,
    1.75,
    1.875,
    2.0,
    2.125,
    2.25,
    2.375,
    2.5,
    2.625,
    2.75,
    2.875,
    3.0,
    3.125,
    3.25,
    3.375,
    3.5,
    3.625,
    3.75,
    3.875,
    4.0,
    4.125,
    4.25,
    4.375,
    4.5,
    4.625,
    4.75,
    4.875,
    5.0,
    5.125,
    5.25,
    5.375,
    5.5,
    5.625,
    5.75,
    5.875,
    6.0,
    6.125,
    6.25,
    6.375,
    6.5,
    6.625,
    6.75,
    6.875,
    7.0,
    7.125,
    7.25,
    7.375,
    7.5,
    7.625,
    7.75,
    7.875,
    8.0,
    8.125,
    8.25,
    8.375,
    8.5,
    8.625,
    8.75,
    8.875,
    9.0,
    9.125,
    9.25,
    9.375,
    9.5,
    9.625,
    9.75,
    9.875,
    10.0,
    10.125,
    10.25,
    10.375,
    10.5,
    10.625,
    10.75,
    10.875,
    11.0,
    11.125,
    11.25,
    11.375,
    11.5,
    11.625,
    11.75,
    11.875,
    12.0,
    12.125,
    12.25,
    12.375,
    12.5,
    12.625,
    12.75,
    12.875,
    13.0,
    13.125,
    13.25,
    13.375,
    13.5,
    13.625,
    13.75,
    13.875,
    14.0,
    14.125,
    14.25,
    14.375,
    14.5,
    14.625,
    14.75,
    14.875,
    15.0,
    15.125,
    15.25,
    15.375,
    15.5,
    15.625,
    15.75,
    15.875,
    16.0,
    16.125,
    16.25,
    16.375,
    16.5,
    16.625,
    16.75,
    16.875,
    17.0,
    17.125,
    17.25,
    17.375,
    17.5,
    17.625,
    17.75,
    17.875,
    18.0,
    18.125,
    18.25,
    18.375,
    18.5,
    18.625,
    18.75,
    18.875,
    19.0,
    19.125,
    19.25,
    19.375,
    19.5,
    19.625,
    19.75,
    19.875,
    20.0,
    20.125,
    20.25,
    20.375,
    20.5,
    20.625,
    20.75,
    20.875,
    21.0,
    21.125,
    21.25,
    21.375,
    21.5,
    21.625,
    21.75,
    21.875,
    22.0,
    22.125,
    22.25,
    22.375,
    22.5,
    22.625,
    22.75,
    22.875,
    23.0,
    23.125,
    23.25,
    23.375,
    23.5,
    23.625,
    23.75,
    23.875,
    24.0,
    24.125,
    24.25,
    24.375,
    24.5,
    24.625,
    24.75,
    24.875,
    25.0,
    25.125,
    25.25,
    25.375,
    25.5,
    25.625,
    25.75,
    25.875,
    26.0,
    26.125,
    26.25,
    26.375,
    26.5,
    26.625,
    26.75,
    26.875,
    27.0,
    27.125,
    27.25,
    27.375,
    27.5,
    27.625,
    27.75,
    27.875,
    28.0,
    28.125,
    28.25,
    28.375,
    28.5,
    28.625,
    28.75,
    28.875,
    29.0,
    29.125,
    29.25,
    29.375,
    29.5,
    29.625,
    29.75,
    29.875,
    30.0,
    30.125,
    30.25,
    30.375,
    30.5,
    30.625,
    30.75,
    30.875,
    31.0,
    31.125,
    31.25,
    31.375,
    31.5,
    31.625,
    31.75,
    31.875,
    -32.0,
    -31.875,
    -31.75,
    -31.625,
    -31.5,
    -31.375,
    -31.25,
    -31.125,
    -31.0,
    -30.875,
    -30.75,
    -30.625,
    -30.5,
    -30.375,
    -30.25,
    -30.125,
    -30.0,
    -29.875,
    -29.75,
    -29.625,
    -29.5,
    -29.375,
    -29.25,
    -29.125,
    -29.0,
    -28.875,
    -28.75,
    -28.625,
    -28.5,
    -28.375,
    -28.25,
    -28.125,
    -28.0,
    -27.875,
    -27.75,
    -27.625,
    -27.5,
    -27.375,
    -27.25,
    -27.125,
    -27.0,
    -26.875,
    -26.75,
    -26.625,
    -26.5,
    -26.375,
    -26.25,
    -26.125,
    -26.0,
    -25.875,
    -25.75,
    -25.625,
    -25.5,
    -25.375,
    -25.25,
    -25.125,
    -25.0,
    -24.875,
    -24.75,
    -24.625,
    -24.5,
    -24.375,
    -24.25,
    -24.125,
    -24.0,
    -23.875,
    -23.75,
    -23.625,
    -23.5,
    -23.375,
    -23.25,
    -23.125,
    -23.0,
    -22.875,
    -22.75,
    -22.625,
    -22.5,
    -22.375,
    -22.25,
    -22.125,
    -22.0,
    -21.875,
    -21.75,
    -21.625,
    -21.5,
    -21.375,
    -21.25,
    -21.125,
    -21.0,
    -20.875,
    -20.75,
    -20.625,
    -20.5,
    -20.375,
    -20.25,
    -20.125,
    -20.0,
    -19.875,
    -19.75,
    -19.625,
    -19.5,
    -19.375,
    -19.25,
    -19.125,
    -19.0,
    -18.875,
    -18.75,
    -18.625,
    -18.5,
    -18.375,
    -18.25,
    -18.125,
    -18.0,
    -17.875,
    -17.75,
    -17.625,
    -17.5,
    -17.375,
    -17.25,
    -17.125,
    -17.0,
    -16.875,
    -16.75,
    -16.625,
    -16.5,
    -16.375,
    -16.25,
    -16.125,
    -16.0,
    -15.875,
    -15.75,
    -15.625,
    -15.5,
    -15.375,
    -15.25,
    -15.125,
    -15.0,
    -14.875,
    -14.75,
    -14.625,
    -14.5,
    -14.375,
    -14.25,
    -14.125,
    -14.0,
    -13.875,
    -13.75,
    -13.625,
    -13.5,
    -13.375,
    -13.25,
    -13.125,
    -13.0,
    -12.875,
    -12.75,
    -12.625,
    -12.5,
    -12.375,
    -12.25,
    -12.125,
    -12.0,
    -11.875,
    -11.75,
    -11.625,
    -11.5,
    -11.375,
    -11.25,
    -11.125,
    -11.0,
    -10.875,
    -10.75,
    -10.625,
    -10.5,
    -10.375,
    -10.25,
    -10.125,
    -10.0,
    -9.875,
    -9.75,
    -9.625,
    -9.5,
    -9.375,
    -9.25,
    -9.125,
    -9.0,
    -8.875,
    -8.75,
    -8.625,
    -8.5,
    -8.375,
    -8.25,
    -8.125,
    -8.0,
    -7.875,
    -7.75,
    -7.625,
    -7.5,
    -7.375,
    -7.25,
    -7.125,
    -7.0,
    -6.875,
    -6.75,
    -6.625,
    -6.5,
    -6.375,
    -6.25,
    -6.125,
    -6.0,
    -5.875,
    -5.75,
    -5.625,
    -5.5,
    -5.375,
    -5.25,
    -5.125,
    -5.0,
    -4.875,
    -4.75,
    -4.625,
    -4.5,
    -4.375,
    -4.25,
    -4.125,
    -4.0,
    -3.875,
    -3.75,
    -3.625,
    -3.5,
    -3.375,
    -3.25,
    -3.125,
    -3.0,
    -2.875,
    -2.75,
    -2.625,
    -2.5,
    -2.375,
    -2.25,
    -2.125,
    -2.0,
    -1.875,
    -1.75,
    -1.625,
    -1.5,
    -1.375,
    -1.25,
    -1.125,
    -1.0,
    -0.875,
    -0.75,
    -0.625,
    -0.5,
    -0.375,
    -0.25,
    -0.125
  ],
  "heat_operator_term_count": 7,
  "antihermitian_term_count": 7,
  "antihermitian_terms": [
    "III",
    "IIm",
    "IIp",
    "Imp",
    "Ipm",
    "mpp",
    "pmm"
  ],
  "kernel_mps_ranks": [
    1,
    2,
    4,
    8,
    16,
    16,
    8,
    4,
    2,
    1
  ],
  "kernel_prep_depth": 71,
  "kernel_prep_size": 178,
  "kernel_prep_operation_counts": {
    "u": 130,
    "cx": 48
  },
  "controlled_evolution_depth": 171,
  "controlled_evolution_size": 180,
  "controlled_evolution_operation_counts": {
    "rz": 72,
    "mcx_vchain": 36,
    "mcx_vchain_dg": 18,
    "p": 15,
    "cx": 15,
    "crz": 9,
    "ccx": 9,
    "h": 6
  },
  "circuit_num_qubits": 12,
  "circuit_num_clbits": 0,
  "circuit_depth": 17127,
  "circuit_size": 18357,
  "operation_counts": {
    "rz": 7200,
    "mcx_vchain": 3600,
    "mcx_vchain_dg": 1800,
    "cx": 1596,
    "p": 1500,
    "crz": 900,
    "ccx": 900,
    "h": 600,
    "u": 260,
    "x": 1
  }
}
