{
 "dirichlet": {
  "p_succ": 0.10467002896880194,
  "p_ref": 0.10580519802396499,
  "eps_tot": 0.0036588429114646232,
  "alpha_abs": 1.297951108453598,
  "deviation": 0.0011351690551630461,
  "bound": 0.0018418180214184038,
  "deviation_over_bound": 0.6163307351552789
 },
 "neumann": {
  "p_succ": 0.16480483928906486,
  "p_ref": 0.1648572893271591,
  "eps_tot": 0.005499566858850572,
  "alpha_abs": 1.297951108453598,
  "deviation": 5.2450038094231655e-05,
  "bound": 0.003458711905453211,
  "deviation_over_bound": 0.015164616055918333
 },
 "periodic": {
  "p_succ": 0.15361626359626235,
  "p_ref": 0.15388212268620816,
  "eps_tot": 0.003371398114649477,
  "alpha_abs": 1.297951108453598,
  "deviation": 0.000265859089945808,
  "bound": 0.0020446136481218277,
  "deviation_over_bound": 0.130029010708221
 }
}
