{
  "config": {
    "total_time": 1.0,
    "n_steps": 100,
    "alpha": 1.0,
    "h": 1.0,
    "init_qubits": [
      0,
      1
    ],
    "n_dim": 32,
    "max_fock_level": 32,
    "hbar": 2.0,
    "fock_weight_cutoff": 1e-08
  },
  "params": {
    "r_target": 1.2,
    "r_prime": 0.3,
    "kernel_beta": 0.8,
    "disp_phase": 0.0
  },
  "metrics": {
    "post_prob": 0.1415888534500079,
    "pde_error": 0.21628788162035764,
    "fidelity": 0.9477963488652985,
    "infidelity": 0.05220365113470149,
    "trace_distance": 0.19617638248792085,
    "hs_distance": 0.2757367086508075,
    "pauli_rmse": 0.13786835432540373,
    "pauli_max_abs": 0.34853403886568124,
    "gamma": 0.4580936828046139,
    "n_eff": 1.298583667352261,
    "tail_mass_est": 9.47390700600792e-06,
    "trotter_bound_est": 0.005,
    "rho_trace_before": 0.9999999999999998,
    "rho_trace_after": 1.0000000000000004,
    "rho_min_eig_before": 2.515036365665094e-05,
    "rho_purity": 0.9716234302281768,
    "weights_l1": 1.0,
    "weights_l2_sq": 0.770069749944525,
    "active_levels": 32.0
  }
}