{
  "base_config": {
    "alpha": 1.0,
    "h_grid": 1.0,
    "total_time": 1.0,
    "n_fock": 64,
    "n_coeff": 48,
    "r_target": 8.0,
    "r_prime": 4.0,
    "beta": 0.9,
    "n_quad": 300,
    "init_state": "basis01",
    "position_convention": "half",
    "position_scale": 0.8,
    "trajectory_steps": 0
  },
  "sweep_grid": {
    "r_target": [
      3.0,
      4.2,
      20
    ],
    "r_prime": [
      2.0,
      3.6,
      20
    ],
    "beta": [
      0.75,
      0.97,
      16
    ],
    "min_gap": 0.1
  },
  "counts": {
    "total_grid_points": 6400,
    "rows_written": 6400,
    "ok": 5488,
    "error": 0,
    "skipped": 912
  },
  "best": {
    "r_target": 3.568421052631579,
    "r_prime": 3.431578947368421,
    "beta": 0.9553333333333334,
    "status": "ok",
    "map_err_best_scale": 0.19014313369624336,
    "vec_err_best_scale": 0.12214294245230627,
    "fidelity": 0.9853004033971973,
    "post_prob": 0.014063022576706429,
    "eta_err": 0.19050384967099024,
    "map_scale_real": 0.2690047009012684,
    "map_scale_imag": 0.0,
    "vec_scale_real": 0.2788122373408467,
    "vec_scale_imag": 0.0,
    "objective": 0.1679494891305681
  },
  "top_k": [
    {
      "r_target": 3.568421052631579,
      "r_prime": 3.431578947368421,
      "beta": 0.9553333333333334,
      "status": "ok",
      "map_err_best_scale": 0.19014313369624336,
      "vec_err_best_scale": 0.12214294245230627,
      "fidelity": 0.9853004033971973,
      "post_prob": 0.014063022576706429,
      "eta_err": 0.19050384967099024,
      "map_scale_real": 0.2690047009012684,
      "map_scale_imag": 0.0,
      "vec_scale_real": 0.2788122373408467,
      "vec_scale_imag": 0.0,
      "objective": 0.1679494891305681
    },
    {
      "r_target": 3.8842105263157896,
      "r_prime": 3.3473684210526313,
      "beta": 0.7793333333333333,
      "status": "ok",
      "map_err_best_scale": 0.22038074507386357,
      "vec_err_best_scale": 0.141039433495102,
      "fidelity": 0.9804958569877963,
      "post_prob": 0.04180987688808416,
      "eta_err": 0.15792353151632282,
      "map_scale_real": 0.459176723171927,
      "map_scale_imag": 0.0,
      "vec_scale_real": 0.47956832426717944,
      "vec_scale_imag": 0.0,
      "objective": 0.202205013182644
    },
    {
      "r_target": 3.8842105263157896,
      "r_prime": 3.3473684210526313,
      "beta": 0.794,
      "status": "ok",
      "map_err_best_scale": 0.22030260577932068,
      "vec_err_best_scale": 0.1412357842804825,
      "fidelity": 0.9804425758710208,
      "post_prob": 0.041551170318458924,
      "eta_err": 0.15810407779285596,
      "map_scale_real": 0.45777805438500024,
      "map_scale_imag": 0.0,
      "vec_scale_real": 0.4780693219102171,
      "vec_scale_imag": 0.0,
      "objective": 0.2023649583765918
    },
    {
      "r_target": 3.8842105263157896,
      "r_prime": 3.3473684210526313,
      "beta": 0.7646666666666667,
      "status": "ok",
      "map_err_best_scale": 0.22172894008974145,
      "vec_err_best_scale": 0.14163236935037088,
      "fidelity": 0.9803347514893171,
      "post_prob": 0.04211314654021118,
      "eta_err": 0.15876166183217696,
      "map_scale_real": 0.4606148920619381,
      "map_scale_imag": 0.0,
      "vec_scale_real": 0.4812649226419896,
      "vec_scale_imag": 0.0,
      "objective": 0.20348010182077572
    },
    {
      "r_target": 3.8842105263157896,
      "r_prime": 3.3473684210526313,
      "beta": 0.8086666666666666,
      "status": "ok",
      "map_err_best_scale": 0.22112227258151507,
      "vec_err_best_scale": 0.14198991036133202,
      "fidelity": 0.9802373037358986,
      "post_prob": 0.04131549263128517,
      "eta_err": 0.159028342919226,
      "map_scale_real": 0.4563695177929382,
      "map_scale_imag": 0.0,
      "vec_scale_real": 0.47666168608355186,
      "vec_scale_imag": 0.0,
      "objective": 0.20353918146529462
    },
    {
      "r_target": 3.8842105263157896,
      "r_prime": 3.3473684210526313,
      "beta": 0.8233333333333334,
      "status": "ok",
      "map_err_best_scale": 0.22252808066309598,
      "vec_err_best_scale": 0.14313128347236764,
      "fidelity": 0.9799247094229697,
      "post_prob": 0.04108743882191503,
      "eta_err": 0.1604535358746476,
      "map_scale_real": 0.45491685545064503,
      "map_scale_imag": 0.0,
      "vec_scale_real": 0.4752685250108931,
      "vec_scale_imag": 0.0,
      "objective": 0.20539908833276713
    },
    {
      "r_target": 3.8842105263157896,
      "r_prime": 3.3473684210526313,
      "beta": 0.75,
      "status": "ok",
      "map_err_best_scale": 0.22468294398979355,
      "vec_err_best_scale": 0.14325844081438122,
      "fidelity": 0.9798897415840839,
      "post_prob": 0.04248683781439711,
      "eta_err": 0.16084512517163224,
      "map_scale_real": 0.46216416096975566,
      "map_scale_imag": 0.0,
      "vec_scale_real": 0.4832857325045925,
      "vec_scale_imag": 0.0,
      "objective": 0.20660542573007376
    },
    {
      "r_target": 3.8210526315789477,
      "r_prime": 3.3473684210526313,
      "beta": 0.8086666666666666,
      "status": "ok",
      "map_err_best_scale": 0.22389908076816387,
      "vec_err_best_scale": 0.14366447703943858,
      "fidelity": 0.9797778918729274,
      "post_prob": 0.03803698697291377,
      "eta_err": 0.16474467836514406,
      "map_scale_real": 0.44102583754243574,
      "map_scale_imag": 0.0,
      "vec_scale_real": 0.45725139160572714,
      "vec_scale_imag": 0.0,
      "objective": 0.20662512282987416
    },
    {
      "r_target": 3.8210526315789477,
      "r_prime": 3.3473684210526313,
      "beta": 0.8233333333333334,
      "status": "ok",
      "map_err_best_scale": 0.2242494941088795,
      "vec_err_best_scale": 0.14356778670322012,
      "fidelity": 0.9798045532993098,
      "post_prob": 0.03783401024716748,
      "eta_err": 0.16522738347168928,
      "map_scale_real": 0.43978183036265167,
      "map_scale_imag": 0.0,
      "vec_scale_real": 0.4560359492755043,
      "vec_scale_imag": 0.0,
      "objective": 0.20670230609269438
    },
    {
      "r_target": 3.8210526315789477,
      "r_prime": 3.3473684210526313,
      "beta": 0.838,
      "status": "ok",
      "map_err_best_scale": 0.22486366009732295,
      "vec_err_best_scale": 0.14365061057031056,
      "fidelity": 0.9797817164312503,
      "post_prob": 0.03762907550773095,
      "eta_err": 0.1659753053693795,
      "map_scale_real": 0.43847803153477755,
      "map_scale_imag": 0.0,
      "vec_scale_real": 0.45479387155034845,
      "vec_scale_imag": 0.0,
      "objective": 0.20709335479740948
    },
    {
      "r_target": 3.8210526315789477,
      "r_prime": 3.3473684210526313,
      "beta": 0.794,
      "status": "ok",
      "map_err_best_scale": 0.22405481040770947,
      "vec_err_best_scale": 0.1441123823369553,
      "fidelity": 0.9796541711368345,
      "post_prob": 0.038245215140438264,
      "eta_err": 0.1647472326854153,
      "map_scale_real": 0.44222276980081415,
      "map_scale_imag": 0.0,
      "vec_scale_real": 0.4584723134188208,
      "vec_scale_imag": 0.0,
      "objective": 0.2071570789839683
    },
    {
      "r_target": 3.8210526315789477,
      "r_prime": 3.3473684210526313,
      "beta": 0.8526666666666667,
      "status": "ok",
      "map_err_best_scale": 0.22562962226820257,
      "vec_err_best_scale": 0.14384391774546018,
      "fidelity": 0.9797283691154569,
      "post_prob": 0.037420338964753705,
      "eta_err": 0.16688977781089626,
      "map_scale_real": 0.4371097114568853,
      "map_scale_imag": 0.0,
      "vec_scale_real": 0.4535183506982369,
      "vec_scale_imag": 0.0,
      "objective": 0.20767231042378864
    },
    {
      "r_target": 3.8842105263157896,
      "r_prime": 3.3473684210526313,
      "beta": 0.838,
      "status": "ok",
      "map_err_best_scale": 0.22433833146586535,
      "vec_err_best_scale": 0.14457739222803592,
      "fidelity": 0.9795253515017157,
      "post_prob": 0.04085857905610734,
      "eta_err": 0.16222882625243,