n_trotter_steps,best_rel_error_vs_truncated,c_over_n_guide
8,0.0030835213957948874,0.0030835213957948874
16,0.0015428146076643407,0.0015417606978974437
32,0.0007717068349871835,0.0007708803489487219
