{
  "method": "paper",
  "params": {
    "alpha": 1.0,
    "h_grid": 1.0,
    "T_total": 1.0,
    "n_steps": 50,
    "init": [
      0,
      1
    ],
    "beta": 0.8,
    "N_dim": 100,
    "r_target": 3.0,
    "r_prime": 1.0
  },
  "norm_factor": 0.7609485028738194,
  "final_pde_error": 1.6306975121976672,
  "u_lchs_final": [
    0.0017563994461826684,
    0.9199000115824546,
    -0.005237931411296543,
    -0.013403699204414221
  ],
  "u_exact_final": [
    0.18644808065407875,
    0.30142647891063934,
    0.21261018273020071,
    0.08616085700844976
  ]
}