{
  "method": "xbasis",
  "params": {
    "alpha": 1.0,
    "h_grid": 1.0,
    "T_total": 1.0,
    "n_steps": 50,
    "init": [
      0,
      1
    ],
    "beta": 0.8,
    "N_dim": 100
  },
  "norm_factor": 1.933337235147641,
  "final_pde_error": 0.04795614086437617,
  "u_lchs_final": [
    0.19264499454486536,
    0.3140501638312385,
    0.2228276336955039,
    0.09654241857689388
  ],
  "u_exact_final": [
    0.18644808065407875,
    0.30142647891063934,
    0.21261018273020071,
    0.08616085700844976
  ]
}